Name,Term,ES,NES,NOM p-val,FDR q-val,FWER p-val,Tag %,Gene %,Lead_genes
prerank,"preribosome, large subunit precursor (GO:0030687)",-0.7433498505451595,-2.8299131010904848,0.0,0.0,0.0,13/23,4.45%,NIP7;WDR74;MAK16;LAS1L;RRP1;WDR12;RRS1;NOC2L;BOP1;EBNA1BP2;PES1;PPAN;EIF6
prerank,vacuolar proton-transporting V-type ATPase complex (GO:0016471),0.8636462421692657,2.544580633510238,0.0,0.0,0.0,11/19,2.20%,ATP6V1G1;ATP6V1C1;ATP6V1B2;ATP6V1E1;ATP6V1F;ATP6V0D1;ATP6V1H;ATP6V1A;ATP6V0A1;CCDC115;ATP6AP2
prerank,cytosolic large ribosomal subunit (GO:0022625),-0.5215116280232327,-2.3329148208910713,0.0,0.0,0.0,31/55,20.23%,RPL7A;RPL15;RPL21;RPL27;RPL31;RPL7L1;RPL18;RPL36;RPL11;RSL24D1;RPL7;RPL12;RPL13A;RPL37A;RPL18A;RPL23;RPL17;RPL4;RPL28;RPL23A;RPL24;RPL9;RPL39;RPL27A;RPL19;RPL14;RPL22;RPL13;RPL26;RPLP0;RPL36AL
prerank,ribosome (GO:0005840),-0.46561593368443444,-2.31669041296427,0.0,0.0,0.0,22/62,12.84%,RPL7A;RPL15;RPS27;RPL27;RPL31;RPL18;RPL36;RPS19;RPL11;RPS5;RPL13A;RPL18A;RPL23;SRP68;DHX9;RPS18;HSPA14;RPS23;RPL24;RPL9;GCN1;RPL39
prerank,proton-transporting V-type ATPase complex (GO:0033176),0.8368433485037519,2.306521552513214,0.0,0.0,0.0,8/15,2.20%,ATP6V1G1;ATP6AP1;ATP6V1D;ATP6V1F;ATP6V0D1;ATP6V0A1;CCDC115;ATP6AP2
prerank,small-subunit processome (GO:0032040),-0.5034365781852153,-2.145128235511666,0.0,0.008463541666666666,0.02,20/36,25.06%,HEATR1;NOP56;UTP18;SNU13;WDR36;UTP23;FCF1;NOP58;FBL;NOC4L;UTP6;DCAF13;MPHOSPH10;NOL6;EMG1;PDCD11;WDR46;RRP9;LOC102724159;NOL10
prerank,Golgi cisterna membrane (GO:0032580),0.6923683016940003,2.135732349170448,0.0,0.0,0.0,12/26,5.08%,GOLGA8S;GOLGA8F;GOLGA8H;GOLGA8T;GOLGA6C;GOLGA8O;GOLGA8N;GOLGA6A;GOLGA8R;GOLGA8A;GOLGA6B;GOLGA8K
prerank,Golgi cis cisterna (GO:0000137),0.6764815116774591,2.0250440712535833,0.0,0.0,0.0,15/25,12.21%,GOLGA8S;GOLGA8F;GOLGA8H;GOLGA8T;GOLGA6C;GOLGA8O;GOLGA8N;GOLGA6A;GOLGA8R;GOLGA8A;GOLGA6B;GOLGA8K;GOLT1A;NECAB3;XYLT1
prerank,large ribosomal subunit (GO:0015934),-0.4850015864472777,-2.005630917150904,0.0,0.0203125,0.03,31/59,20.23%,RPL7A;RPL15;RPL21;RPL27;RPL31;RPL7L1;RPL18;RPL36;RPL11;RSL24D1;RPL7;RPL12;RPL13A;RPL37A;RPL18A;RPL23;RPL17;RPL4;RPL28;RPL23A;RPL24;RPL9;RPL39;RPL27A;RPL19;RPL14;RPL22;RPL13;RPL26;RPLP0;RPL36AL
prerank,cytosolic small ribosomal subunit (GO:0022627),-0.402604124440541,-1.9262312846615162,0.0,0.022569444444444444,0.05,16/40,19.30%,RPS16;RPS27;RPS19;RPS5;RPS14;UBA52;RPS18;MRPS11;RPS23;RPS4Y2;RPS20;RPS24;RPS27A;ISG15;RPS6;RPS3
prerank,small ribosomal subunit (GO:0015935),-0.3665680073605446,-1.9221166018905196,0.0,0.021763392857142856,0.06,16/44,19.30%,RPS16;RPS27;RPS19;RPS5;RPS14;UBA52;RPS18;MRPS11;RPS23;RPS4Y2;RPS20;RPS24;RPS27A;ISG15;RPS6;RPS3
prerank,endolysosome membrane (GO:0036020),-0.5792655820364977,-1.84365521091618,0.03571428571428571,0.03173828125,0.11,6/16,4.74%,AP2A1;TLR8;AP2A2;AP2B1;AP2S1;AP2M1
prerank,ion channel complex (GO:0034702),0.5501428204841476,1.8348444756557467,0.0,0.0017620751341681574,0.01,13/35,15.81%,CHRNA7;CHRNB2;CHRNA4;CHRFAM7A;CHRNA3;SHISA9;TRPC5;CHRNA5;GRID2;LRRC8A;CHRNB4;STXBP5;LRRC8C
prerank,cell-cell contact zone (GO:0044291),-0.3601968439252945,-1.729437115772445,0.0,0.048900462962962965,0.19,19/47,17.64%,FLOT2;RANGRF;AHNAK;PKP4;FXYD1;ANK3;PGM5;JUP;JAM2;FLCN;FLOT1;ATP1B1;RAP2B;OBSL1;DES;RAP2C;SCN5A;DSC2;ANK2
prerank,vacuolar membrane (GO:0005774),0.4712543835101041,1.7055554732930054,0.0,0.05433064997018485,0.24,10/45,5.47%,ATP6V1G1;ATP6V1F;ATP6V0D1;ARL8B;VPS4A;ATP6V0A1;CCDC115;GABARAPL1;ATP6AP2;TECPR1
prerank,polysomal ribosome (GO:0042788),-0.40925436934217596,-1.7010521718918277,0.05555555555555555,0.04739583333333333,0.21,10/30,12.84%,RPL7A;RPL31;RPL18;RPL36;RPL11;RPL18A;DHX9;RPS23;RPL24;RPL39
prerank,U2-type precatalytic spliceosome (GO:0071005),-0.3466382941252313,-1.6999743485317902,0.0,0.04308712121212121,0.21,16/50,11.25%,PRPF4;SF3B2;RBMX2;LSM2;PHF5A;RNF113A;SNRPG;ZMAT2;SNU13;TXNL4A;PRPF38A;SF3A2;BUD13;SNRPF;LSM3;SNRPE
prerank,trans-Golgi network membrane (GO:0032588),-0.3195716219039163,-1.6693363397183074,0.0,0.04513888888888889,0.24,16/94,4.52%,COG4;COG2;COG8;COG3;ARL1;SYS1;COG6;COG7;COG5;COG1;LLGL1;TMEM165;AP4B1;MYO1B;VPS53;LGR5
prerank,integral component of Golgi membrane (GO:0030173),-0.33890394114443473,-1.638233424532436,0.0,0.05729166666666666,0.34,10/54,5.12%,SLC35A1;SYS1;UNC50;TVP23B;SLC35A3;SLC35B1;TVP23C;SLC39A13;SGMS1;B4GAT1
prerank,Golgi cisterna (GO:0031985),0.47144241649593727,1.6328162254066791,0.0,0.129638384870943,0.56,20/52,18.14%,GOLGA8S;GOLGA8F;GOLGA8H;GOLGA8T;GOLGA6C;GOLGA8O;GOLGA8N;GOLGA6A;GOLGA8R;GOLPH3;GOLGA8A;GOLGA6B;GOLGA8K;B4GALT1;GOLT1A;NECAB3;XYLT1;TMEM87A;GOLGA8M;GOLGA5
prerank,phagocytic vesicle membrane (GO:0030670),0.4661338828021664,1.59960664597217,0.0,0.16959973166368517,0.66,16/44,19.64%,ATP6V0B;ATP6V0C;ATP6V0D1;RAB7A;ATP6V0A1;ATG12;PIKFYVE;HVCN1;PIK3C3;HLA-F;TAPBP;RAB31;DMBT1;PIK3R4;ATP6V0E1;TAP2
prerank,Cul2-RING ubiquitin ligase complex (GO:0031462),0.532368861130629,1.566005249576852,0.02631578947368421,0.23102762870204732,0.84,7/19,11.78%,FEM1B;ELOB;ASB4;PRAME;ZSWIM4;ELOC;CUL2
prerank,Golgi stack (GO:0005795),-0.4063175149157596,-1.548095888834325,0.0,0.10277157738095238,0.51,7/28,4.71%,COG2;USO1;TRAPPC4;NSF;RAB14;MGAT4B;PLK3
prerank,transcription factor TFIID complex (GO:0005669),0.4571221162693537,1.5415802790544069,0.011494252873563218,0.2660733452593918,0.88,23/31,43.14%,GTF2H4;TAF13;GTF2A2;TAF3;GTF2E2;GTF2H2;GTF2H5;TCEA1;TAF4B;TAF4;TAF11;TAF8;TAF7;TAF5;TAF6;GTF2H3;ERCC3;TAF10;TAF2;GTF2A1;GTF2B;TAF1L;TAF1
prerank,late endosome (GO:0005770),0.3806226060969405,1.5308401003319014,0.0,0.26591315661083104,0.91,55/180,19.44%,VPS11;VPS35;PSAP;VPS18;RAB11A;CHMP6;AP5S1;VPS4A;RAB7A;CHMP4A;SNX14;RAB9A;IGF2R;SLC38A9;VPS33B;VPS16;SNX16;VPS39;ABHD6;SLC30A4;PIKFYVE;CXCR4;PIK3C3;ANXA6;VPS33A;VIPAS39;TSG101;SPPL2A;WDR91;AP5M1;VTI1B;BAIAP3;CHMP1B;MTM1;CTSL;CTSS;KIDINS220;IFITM2;NBR1;VPS36;HLA-DRB5;ABCA3;MYO5A;SCARB2;LAMTOR1;WDR81;OSBPL1A;VAC14;MAPK1;SLC11A2;ANKRD27;RAB9B;PIK3R4;BST2;TMEM230
prerank,mitochondrial ribosome (GO:0005761),-0.41723743780748507,-1.5245668118073672,0.041666666666666664,0.11397569444444444,0.57,9/23,19.23%,MRPL39;MRPL34;MRPL28;MRPL43;MTG1;MRPL18;MRPL9;MRPL57;MRPS22
prerank,lytic vacuole (GO:0000323),0.36604237931823136,1.5171227319902134,0.0,0.27532423971377457,0.93,67/211,22.98%,NPC1;VPS11;VPS35;PSAP;VPS18;VPS26A;CTSD;ARL8B;AP5S1;VPS4A;HGS;RAB7A;SLC17A2;SNX14;RAB9A;SLC38A9;ATP6AP2;CLTC;VPS33B;VPS16;CTSA;IDS;SNX2;CTSH;CXCR4;NEU1;NPC2;VPS33A;TPP1;USP4;USP5;TPCN1;HYAL1;AP5M1;SYT11;AGA;PRSS16;CTSL;CTSS;CALCRL;LAMTOR5;TSC2;CD34;CD164;MYO5A;SLC17A1;LAMTOR1;DEPDC5;SNX1;VMA21;ANKRD27;EPG5;TRPM2;RAB9B;HYAL3;GLA;MFHAS1;CD1D;RAMP3;TPCN2;SLC17A5;RNF152;DRAM1;RPS6KC1;LRRK2;OCIAD1;STS
prerank,cis-Golgi network (GO:0005801),0.43277518824643924,1.5074463044770492,0.011494252873563218,0.27718797302876014,0.94,16/57,9.45%,GOLGA8S;GOLGA8F;GOLGA8H;GOLGA8T;GOLGA6C;GOLGA8O;GOLGA8N;GOLGA6A;GOLGA8R;GOLGA8A;ANGEL1;GOLGA6B;GOLGA8K;FKTN;GOLGB1;BCL9
prerank,precatalytic spliceosome (GO:0071011),-0.31898034365011035,-1.506008446178368,0.0,0.11954752604166666,0.59,16/52,11.25%,PRPF4;SF3B2;RBMX2;LSM2;PHF5A;RNF113A;SNRPG;ZMAT2;SNU13;TXNL4A;PRPF38A;SF3A2;BUD13;SNRPF;LSM3;SNRPE
prerank,endolysosome (GO:0036019),-0.38989864650265327,-1.5017223338043042,0.06896551724137931,0.11749387254901959,0.6,6/24,4.74%,AP2A1;TLR8;AP2A2;AP2B1;AP2S1;AP2M1
prerank,intrinsic component of Golgi membrane (GO:0031228),-0.3082797386147282,-1.4888538363064259,0.0,0.11848958333333333,0.62,10/59,5.12%,SLC35A1;SYS1;UNC50;TVP23B;SLC35A3;SLC35B1;TVP23C;SLC39A13;SGMS1;B4GAT1
prerank,lytic vacuole membrane (GO:0098852),0.35678045664644265,1.4757615862308675,0.0,0.3473805264502939,0.96,65/258,16.38%,ATP6V1G1;ATP6V1C1;NPC1;ATP6V0B;ATP6V1B2;ATP6V0C;ATP6V1D;VPS11;ATP6V1E1;ATP6V0D1;VPS35;PSAP;VPS18;ATP6V1H;ATP6V1A;SPNS1;CTSD;ARL8B;OCA2;PLA2G4E;DNAJC13;RAB7A;ATP6V0A1;SPG11;MCOLN3;NCSTN;SLC38A9;LITAF;ATP6AP2;VPS16;VPS39;ABHD6;MYLPF;NPRL3;HLA-F;ANXA6;GPR137C;VPS33A;TECPR1;NPRL2;VASN;GNAI3;SPPL2A;TPCN1;OCLN;VTI1B;TMEM150C;SEH1L;GPR137B;AP1M1;IFITM2;ATP11A;LAMTOR5;HLA-DRB5;ATP11C;SCARB2;MFSD8;SLC26A11;DAB2;LAMTOR1;NEU3;SPPL2B;GPR137;DEPDC5;WDR81
prerank,MLL1 complex (GO:0071339),-0.34676497043472526,-1.4392414689205404,0.0,0.1421875,0.75,6/26,7.85%,LAS1L;TEX10;PELP1;SENP3;KMT2A;MAX
prerank,MLL1/2 complex (GO:0044665),-0.34676497043472526,-1.4392414689205404,0.0,0.1421875,0.75,6/26,7.85%,LAS1L;TEX10;PELP1;SENP3;KMT2A;MAX
prerank,endosome membrane (GO:0010008),0.3361138949316239,1.4312190574604116,0.0,0.4739982110912343,0.99,117/317,27.86%,ATP6AP1;ATP6V0B;ATP6V0C;ATP6V0D1;VPS35;VPS26A;CTSD;RAB11A;CHMP6;USP8;VPS4A;OCA2;PLA2G4E;DNAJC13;RAB7A;ATP6V0A1;SCAMP5;IGF2R;NCSTN;ATP6AP2;CLTC;VPS33B;SNX16;VPS39;VPS37A;ABHD6;SCAMP2;EHD4;SNX2;PIKFYVE;GGA2;TICAM1;RHOD;HLA-F;ANXA6;VPS28;VPS25;APH1A;TSG101;USP50;RAB11FIP3;TPCN1;WDR91;LY96;SNX4;KIF13A;VPS45;SNX3;CAV1;PACSIN2;RAB5B;VTI1B;INSR;RAB17;BAIAP3;ZFYVE16;CHMP1B;TBC1D5;SNX20;RAB31;CD320;IFITM2;APH1B;ABHD17C;ABCB11;VPS36;HLA-DRB5;RAB8A;SCARB2;ZDHHC11;LDLRAD4;RAP2A;RAB11B;LAMTOR1;NEU3;SPPL2B;CUBN;WDR81;SNX1;VAC14;SLC11A2;RAB15;SNX12;ABCG4;ATP6V0E1;OR51E2;TAB3;ANTXR1;IRF7;ZFYVE28;TPCN2;MVB12B;RBSN;SNX6;ANXA8;LAMTOR2;MTMR4;UBC;SLA2;BOK;LAMP2;DCSTAMP;MVB12A;ACAP2;SLC9A7;IRAK2;PMEPA1;RUFY1;OPTN;ABHD17B;SLC9A6;INPP5F;ANXA2;TYRP1;CD8B;UBAP1;CLTA
prerank,heterotrimeric G-protein complex (GO:0005834),0.42132675249485046,1.4311015546677388,0.03488372093023256,0.4454746198568873,0.99,16/33,26.72%,GNB5;GNG10;GNGT2;GNAI3;GNAZ;GNB3;GNG3;GNG4;GNG14;GNAI2;GNA14;GNAL;GNG5;GNG8;GNAT1;GNAT2
prerank,lysosome (GO:0005764),0.33062965855583015,1.4242729002074697,0.0,0.4493291592128802,0.99,149/461,26.31%,ATP6V1G1;ATP6V1C1;NPC1;ATP6V0B;ATP6V1B2;ATP6V0C;ATP6V1D;VPS11;ATP6V1E1;ATP6V0D1;VPS35;PSAP;VPS18;ATP6V1H;ATP6V1A;SPNS1;VPS26A;CTSD;ARL8B;AP5S1;VPS4A;OCA2;PLA2G4E;HGS;DNAJC13;RAB7A;ATP6V0A1;SPG11;SLC17A2;SNX14;RAB9A;MCOLN3;NCSTN;SLC38A9;LITAF;GLB1;ATP6AP2;CLTC;VPS33B;VPS16;VPS39;CTSA;ABHD6;IDS;SNX2;CTSH;MYLPF;NPRL3;CXCR4;NEU1;HLA-F;NPC2;ANXA6;GPR137C;VPS33A;TECPR1;NPRL2;VASN;TPP1;USP4;USP5;GNAI3;SPPL2A;TPCN1;HYAL1;AP5M1;OCLN;VTI1B;SYT11;TMEM150C;SEH1L;AGA;PRSS16;GPR137B;GYG1;CTSL;CTSS;GALNS;AP1M1;IFITM2;ATP11A;CALCRL;LAMTOR5;HEXA;TSC2;VCAN;GM2A;HLA-DRB5;CD34;CD164;ATP11C;SDC1;MYO5A;IDUA;SCARB2;SLC17A1;MFSD8;SLC26A11;DAB2;LAMTOR1;NEU3;SPPL2B;GPR137;DEPDC5;CUBN;WDR81;SNX1;SLC11A2;VMA21;ANKRD27;EPG5;TRPM2;RAB9B;HYAL3;GLA;MFHAS1;ATP6V0E1;CD1D;RAMP3;ENPP1;CSPG5;TPCN2;SLC17A5;GNLY;RNF152;DRAM1;HLA-DOA;RPS6KC1;LRRK2;OCIAD1;GPLD1;STS;LAMTOR2;GPC1;HRG;SLC2A8;LAMP2;AP1S3;ENPEP;SLC12A4;AGRN;HPS4;VLDLR;TMEM9;LAMTOR4;HLA-DQA2;HCK;HLA-DQB1;BCL10
prerank,catenin complex (GO:0016342),0.4139579169336474,1.397499922507911,0.0625,0.5183437686344664,1.0,10/31,23.01%,CDH12;CDH17;CDH2;CDH9;CDH18;CDH1;CDH26;CDH4;APC;APC2
prerank,lysosomal membrane (GO:0005765),0.3293579307236003,1.3889805146695158,0.0,0.5239855004236889,1.0,79/319,16.91%,ATP6V1G1;ATP6V1C1;NPC1;ATP6V0B;ATP6V1B2;ATP6V0C;ATP6V1D;VPS11;ATP6V1E1;ATP6V0D1;VPS35;PSAP;VPS18;ATP6V1H;BORCS5;ATP6V1A;SPNS1;CTSD;ARL8B;OCA2;PLA2G4E;DNAJC13;RAB7A;ATP6V0A1;SPG11;MCOLN3;NCSTN;SLC38A9;LITAF;ATP6AP2;CLTC;VPS16;VPS39;CTSA;ABHD6;MYLPF;NPRL3;HLA-F;ANXA6;ATP10B;GPR137C;VPS33A;TECPR1;NPRL2;VASN;NDUFC2;GNAI3;B4GALT1;ABCA13;SPPL2A;TPCN1;OCLN;VTI1B;TMEM150C;SEH1L;LRRC8A;GPR137B;AP1M1;IFITM2;ATP11A;LAMTOR5;HLA-DRB5;CPNE1;ATP11C;SCARB2;VAPA;MFSD8;SLC26A11;DAB2;LAMTOR1;CPNE3;NEU3;SPPL2B;GPR137;DEPDC5;AZU1;WDR81;MGST1;RAB37
prerank,early endosome membrane (GO:0031901),0.3493018514637725,1.3876219706720112,0.0,0.5026319320214668,1.0,48/94,35.42%,PLA2G4E;DNAJC13;LITAF;VPS33B;PIKFYVE;GGA2;HLA-F;WDR91;SNX4;SNX3;CAV1;RAB5B;VTI1B;BAIAP3;ZFYVE16;SNX20;RAB31;LDLRAD4;NEU3;WDR81;SNX1;VAC14;SNX12;OR51E2;ZFYVE28;SNX6;MTMR4;BOK;PMEPA1;RUFY1;SLC9A6;INPP5F;CD8B;TBC1D3;HLA-C;CD274;RABGEF1;FIG4;KCNH1;NSG1;SNX21;LRP6;WNT3A;EPHA4;RAB5A;TMEM163;FCGR1A;ATP9A
prerank,phagocytic vesicle (GO:0045335),0.3575372642583573,1.3867692065047936,0.021739130434782608,0.481633870005963,1.0,30/99,21.95%,ATP6V0B;ATP6V0C;ATP6V0D1;RAB11A;HGS;RAB7A;ATP6V0A1;RAB9A;SRGAP2;ATG12;PIKFYVE;HVCN1;PIK3C3;HLA-F;TAPBP;SNX3;SYT11;CTSS;RAB31;CORO1A;RAB8A;RAB11B;DMBT1;RAB9B;PIK3R4;ATP6V0E1;TAP2;ITGB5;GNLY;PLA2G5
prerank,intercalated disc (GO:0014704),-0.31994089039155327,-1.3747501179144457,0.08333333333333333,0.19909474206349204,0.89,13/31,19.60%,RANGRF;NRAP;FXYD1;ANK3;PGM5;JUP;ATP1B1;OBSL1;DES;SCN5A;DSC2;ANK2;SCN4B
prerank,mitochondrial outer membrane (GO:0005741),0.32843605788141683,1.3498039362862382,0.05434782608695652,0.6067145064238088,1.0,40/118,23.88%,VDAC1;BAK1;RMDN3;BMF;TOMM34;MIEF1;BPHL;GPAM;TOMM70;CYB5B;SLC44A1;BNIP3;HK2;MYOC;BCL2L10;SPART;AGPAT4;VPS13C;DNM1L;CYB5A;HAX1;BAX;RAF1;KRAS;QTRT2;MFF;PGAM5;ATF2;BCL2L1;ACSL4;CISD2;TOMM6;FAM210B;LRRK2;KMO;UBC;BOK;CYB5R3;ACSL3;RHOT1
prerank,early endosome (GO:0005769),0.3097887066170305,1.3458419780575623,0.010101010101010102,0.5994886054289492,1.0,114/259,35.42%,VPS11;ATP6V0D1;VPS35;VPS26A;USP8;VPS4A;PLA2G4E;HGS;SNX13;DNAJC13;PTPN23;IGF2R;SLC30A10;CLN6;WASHC2C;VPS33B;VPS16;SNX16;EHD4;PIKFYVE;NTRK2;GGA2;CXCR4;HLA-F;VPS28;VPS33A;VIPAS39;TSG101;SNX27;MGRN1;WDR91;APOA1;SNX4;OCRL;NEURL1B;ITCH;SNX3;STX6;CAV1;RAB5B;VTI1B;RAB17;BAIAP3;ZFYVE16;SNX20;WASHC1;RAB31;ADRB1;KIAA0319;MYO5A;LDLRAD4;NEU3;WDR81;SNX1;VAC14;PICALM;MAPK1;SLC11A2;ANKRD27;SNX12;HYAL3;TMEM230;TGFBRAP1;OR51E2;MAP2K1;ZFYVE28;MVB12B;PARM1;SNX6;RPS6KC1;MTMR4;SLC5A1;BOK;HFE;MMGT1;VPS8;RABGAP1L;TMEM127;PMEPA1;RUFY1;SLC9A6;INPP5F;SH3GL2;RUSC1;CD8B;WASHC5;KIF16B;TBC1D3;HLA-C;USP10;WASHC2A;PLD4;LMTK2;CD274;RABGEF1;FIG4;MAPK3;KCNH1;ASAH1;NSG1;SNX21;NSG2;LRP6;WNT3A;TM9SF4;APOA2;PDLIM4;UHRF1BP1L;EPHA4;RAB5A;TMEM163;F2RL1;FCGR1A;ATP9A
prerank,anchored component of external side of plasma membrane (GO:0031362),0.45870641993824607,1.3394203556849906,0.14864864864864866,0.5972700506857483,1.0,8/20,23.51%,PKHD1;IGSF21;THY1;PRNP;CD24;RTN4R;IZUMO1R;CD59
prerank,azurophil granule lumen (GO:0035578),0.3491508296215621,1.3364788132078946,0.021505376344086023,0.5871234347048301,1.0,36/89,29.85%,DEFA1;GLB1;DPP7;TTR;CTSA;VAT1;NPC2;SDCBP;TUBB4B;GDI2;PRTN3;PTGES2;AGA;GALNS;DNAJC3;GM2A;LYZ;AZU1;RNASE3;MAPK1;PYCARD;GCA;GLA;HEBP2;FABP5;ACTR2;CYB5R3;DSN1;FAF2;CREG1;MNDA;ARG1;ANXA2;HRNR;VCP;FUCA2
prerank,azurophil granule (GO:0042582),0.32747923549396696,1.3294199473407236,0.010416666666666666,0.5950392183844778,1.0,60/152,29.85%,ATP6V0C;PSAP;DNAJC13;DEFA1;NCSTN;GLB1;DPP7;TTR;CTSA;VAT1;NPC2;SDCBP;NDUFC2;B4GALT1;ABCA13;TUBB4B;GDI2;PRTN3;PTGES2;AGA;GALNS;DNAJC3;HEXA;GM2A;CPNE1;LYZ;VAPA;LAMTOR1;CPNE3;AZU1;MGST1;RAB37;RNASE3;MAPK1;PYCARD;GCA;BST2;GLA;HEBP2;RAB3D;FABP5;ACTR2;LPCAT1;STOM;CYB5R3;LAMP2;DSN1;FAF2;CEACAM6;CREG1;MNDA;ARG1;ANXA2;ARL8A;CKAP4;TMEM30A;HRNR;SNAP23;VCP;FUCA2
prerank,extracellular vesicle (GO:1903561),0.3615682084923722,1.3258742258992278,0.09302325581395349,0.5896425495262705,1.0,19/58,19.49%,ATP1A1;PKM;ATP1A2;ARRDC4;CLTC;DEFB106A;GRIA4;SDCBP;TUBB4B;APOA1;PCMT1;ATP1A3;DNAJC3;IFT172;PDCD6IP;SLC39A12;SLC11A2;GNAI2;DEFB1
prerank,lysosomal lumen (GO:0043202),0.3301054376632045,1.3176654490863517,0.047619047619047616,0.6006788269869665,1.0,20/85,16.27%,PSAP;CTSD;GLB1;CTSA;IDS;NEU1;NPC2;TPP1;HYAL1;GYG1;CTSL;CTSS;GALNS;HEXA;VCAN;GM2A;SDC1;IDUA;SCARB2;CUBN
prerank,SWI/SNF complex (GO:0016514),-0.3671885460212192,-1.308644390237355,0.20689655172413793,0.2823745265151515,0.95,4/18,3.74%,NCR1;ARID1A;SMARCD1;SMARCA2
prerank,organelle outer membrane (GO:0031968),0.3198319771670884,1.3052448102367313,0.03260869565217391,0.6291823453210783,1.0,44/133,23.88%,VDAC1;BAK1;RMDN3;BMF;TOMM34;MIEF1;PTGS2;BPHL;GPAM;TOMM70;CYB5B;SLC44A1;BNIP3;HK2;DHCR7;MYOC;BCL2L10;LTC4S;SPART;AGPAT4;VPS13C;DNM1L;CYB5A;HAX1;BAX;RAF1;KRAS;QTRT2;MFF;PGAM5;ATF2;UGT2B28;BCL2L1;ACSL4;CISD2;TOMM6;FAM210B;LRRK2;KMO;UBC;BOK;CYB5R3;ACSL3;RHOT1
prerank,vacuolar lumen (GO:0005775),0.3124783338908437,1.2940369945781787,0.041666666666666664,0.6569603458556946,1.0,64/159,34.01%,PSAP;CTSD;DEFA1;GLB1;DPP7;TTR;CTSA;IDS;VAT1;NEU1;NPC2;SDCBP;TPP1;TUBB4B;HYAL1;GDI2;PRTN3;PTGES2;AGA;GYG1;CTSL;CTSS;GALNS;DNAJC3;HEXA;VCAN;GM2A;SDC1;IDUA;SCARB2;LYZ;AZU1;CUBN;RNASE3;MAPK1;PYCARD;GCA;GLA;HEBP2;CSPG5;FABP5;ACTR2;GPC1;CYB5R3;LAMP2;DSN1;FAF2;CREG1;AGRN;MNDA;ARG1;ANXA2;HRNR;VCP;FUCA2;GPC4;ASAH1;NAAA;RNASE2;IFI30;HEXB;CTSG;CTSK;FMOD
prerank,exocytic vesicle (GO:0070382),0.381714003500547,1.2903381033402959,0.16883116883116883,0.6491257429742051,1.0,21/30,45.96%,RAB6A;SYTL5;SYT17;SYT11;PICALM;SYT12;NKD2;SYTL4;SYT13;SYT1;SYT4;SYTL2;SYTL3;SYT9;RAB3IL1;RAB27A;SYT5;SYT8;SYT10;RAB10;UNC13D
prerank,lipid droplet (GO:0005811),0.32429851230983653,1.2836105382899987,0.08791208791208792,0.6566483117173525,1.0,33/76,33.11%,RAB7A;RAB3GAP1;DGAT2;TSC1;METTL7A;CAV1;PLIN1;ALDH3B2;SET;OSBPL2;GAPDH;PLIN3;PNPLA4;ACSL4;GIMAP7;RAB18;PLIN4;LPCAT1;CYB5R3;ACSL3;PNPLA1;FAF2;AUP1;ZFYVE1;ANXA2;CKAP4;VCP;HSD17B13;FIG4;PNPLA5;LDAH;HILPDA;SETSIP
prerank,recycling endosome membrane (GO:0055038),0.3507287385264032,1.2776944623867819,0.13953488372093023,0.6639819482842738,1.0,23/58,30.09%,RAB11A;SCAMP5;SCAMP2;EHD4;HLA-F;RAB11FIP3;PACSIN2;VTI1B;RAB17;BAIAP3;ABCB11;RAB8A;RAP2A;RAB11B;NEU3;BOK;SLC9A7;OPTN;SLC9A6;NDRG1;HLA-C;CD274;ZFYVE27
prerank,sarcolemma (GO:0042383),-0.2766185464360949,-1.2743484831470242,0.05263157894736842,0.3171988224637681,0.96,19/52,17.64%,SLC8A3;SYNC;AHNAK;ALOX12;CCDC78;FXYD1;ANK3;PGM5;SLC2A1;SLC2A5;CACNG1;ATP1B1;DES;POPDC2;PDE9A;SCN5A;SGCG;CAV3;ANK2
prerank,extracellular membrane-bounded organelle (GO:0065010),0.3551936966908288,1.274025112481061,0.10588235294117647,0.6623329474902663,1.0,17/55,18.28%,ATP1A1;PKM;ATP1A2;ARRDC4;CLTC;GRIA4;SDCBP;TUBB4B;APOA1;PCMT1;ATP1A3;DNAJC3;IFT172;PDCD6IP;SLC39A12;SLC11A2;GNAI2
prerank,intrinsic component of external side of plasma membrane (GO:0031233),0.43246493984127055,1.272923251287518,0.18309859154929578,0.6499539994888832,1.0,10/24,25.94%,PKHD1;IGSF21;THY1;PRNP;CD24;RTN4R;F10;IZUMO1R;CD59;ADAM9
prerank,peroxisome (GO:0005777),0.3206229309550594,1.2651626910147291,0.06521739130434782,0.6632255018882927,1.0,41/126,25.91%,PEX3;AMACR;MPV17;NUDT17;MIEF1;PHYH;TKT;PIK3C3;SCP2;TYSND1;PXT1;PEX12;MARF1;ACOT6;NUDT12;DNM1L;ACOX1;ISOC1;FAR2;NBR1;IDI1;GRHPR;MLYCD;MYO5A;GDAP1;PEX10;MFF;CAT;MGST1;TTC1;HMGCR;EPHX2;FIS1;TRIM37;PEX11A;PEX7;CCDC33;ACOT4;ACOX2;ACAA1;PXMP4
prerank,platelet dense granule (GO:0042827),0.4095883432739998,1.2527604219656556,0.1643835616438356,0.6993533336556592,1.0,11/21,28.36%,SELENOP;APOH;CDC37L1;LAMP2;RAB27B;ITIH4;HPS4;TIMP3;ITIH3;ABCC4;ECM1
prerank,chromosome (GO:0005694),-0.22833401380903148,-1.2481343867391652,0.0,0.3357204861111111,0.98,33/150,11.26%,GET4;RPF2;RRP1;HMGB1;HOXA13;GNL3;SURF6;FIGNL1;NOC2L;CCDC86;BOP1;ANG;EBNA1BP2;HMGA2;MLH1;HDAC8;PES1;RSL1D1;PUM3;PDS5B;POLR1B;ETV4;NOL8;NIFK;SPATA22;POLR1A;FTSJ3;EMX1;CENPH;PINX1;EXOSC8;RECQL5;ESRRB
prerank,endoplasmic reticulum tubular network (GO:0071782),0.4218235739289773,1.2448862860813332,0.19230769230769232,0.715727097260145,1.0,13/23,39.53%,PARP16;RAB3GAP1;REEP2;REEP4;ATL3;RAB18;REEP1;STIMATE;ZFYVE27;ATL2;C2CD2L;STIM1;RTN4
prerank,azurophil granule membrane (GO:0035577),0.3464529944752101,1.2419986165003922,0.14285714285714285,0.7100259162423742,1.0,25/56,31.24%,ATP6V0C;PSAP;DNAJC13;NCSTN;NDUFC2;B4GALT1;ABCA13;CPNE1;VAPA;LAMTOR1;CPNE3;AZU1;MGST1;RAB37;BST2;RAB3D;LPCAT1;STOM;LAMP2;CEACAM6;ARL8A;CKAP4;TMEM30A;DNAJC5;C3AR1
prerank,P-body (GO:0000932),0.33467111486436507,1.2345307375417989,0.11702127659574468,0.7270762522361359,1.0,37/77,35.54%,MEX3B;CNOT9;PATL1;EIF4E2;MEX3A;CNOT3;EDC3;EIF4ENIF1;YTHDF2;TNRC6A;PAN2;RC3H1;DCP2;APOBEC3C;CNOT1;APOBEC3A;BTBD1;WTIP;DDX6;POLR2D;APOBEC3G;PAN3;AICDA;LSM4;SQSTM1;ZFP36L1;YTHDF3;DIS3L2;PNRC2;LIN28A;CNOT2;TNRC6B;LSM6;DCP1A;LSM1;CNOT7;YTHDF1
prerank,PRC1 complex (GO:0035102),0.4486120382421989,1.2292675439724094,0.23684210526315788,0.7329802783716567,1.0,5/15,25.30%,PCGF1;PHC1;PCGF3;PHC2;CBX7
prerank,anchored component of plasma membrane (GO:0046658),0.35830793129621047,1.2287662073095185,0.13636363636363635,0.7176260754749128,1.0,17/46,26.92%,PKHD1;IGSF21;RHBG;PRMT8;LYPD3;ULBP2;MDGA1;RGMB;THY1;PRNP;CD24;GAS1;RTN4R;IZUMO1R;CD59;CD160;ULBP3
prerank,COPI-coated vesicle membrane (GO:0030663),-0.3860545363524753,-1.2161707401879098,0.17391304347826086,0.39270833333333327,0.99,8/16,20.80%,ARCN1;COPG1;COPB1;COPA;COPZ1;SCYL1;TMED7;COPZ2
prerank,cation-transporting ATPase complex (GO:0090533),0.4540550514329273,1.2136766381733368,0.16901408450704225,0.7650684361609186,1.0,4/16,8.50%,ATP1A1;ATP1A2;ATP1B3;ATP1A3
prerank,transport vesicle membrane (GO:0030658),-0.2781473435035999,-1.211539976928173,0.16666666666666666,0.38867187499999994,0.99,11/58,10.62%,SEC22B;USO1;STX5;GOSR2;SLC17A7;HLA-B;SEC24B;CD74;SEC31A;RAB1A;HLA-DRB1
prerank,endoplasmic reticulum-Golgi intermediate compartment membrane (GO:0033116),-0.2555887610520676,-1.2099805236567227,0.10526315789473684,0.37553047839506165,0.99,5/49,3.39%,MGAT1;SEC22B;STX5;GOSR2;YKT6
prerank,vesicle coat (GO:0030120),-0.31376829737532325,-1.2026502388721685,0.15789473684210525,0.37541852678571425,0.99,14/35,20.80%,ARCN1;EPN2;COPG1;COPB1;SEC24B;NECAP2;COPA;SEC31A;CLTB;COPZ1;SAR1B;SCYL1;TMED7;COPZ2
prerank,sarcoplasmic reticulum (GO:0016529),0.3367608490690206,1.2004539412568156,0.20238095238095238,0.8113555049601561,1.0,17/44,24.22%,CHERP;JPH2;ATP2A2;AKAP6;FSD2;HAX1;THBS1;S100A1;TMEM38A;CMYA5;JSRP1;NOS1AP;TRDN;CLEC18B;KLHL41;RYR3;SYNE2
prerank,secretory vesicle (GO:0099503),0.37219648058765387,1.1967842149930374,0.27631578947368424,0.81388292585967,1.0,20/29,45.96%,SYTL5;SYT17;SYT11;DYNLT1;SYT12;RAB3D;NKD2;SYTL4;SYT13;SYT1;SYT4;SYTL2;SYTL3;SYT9;RAB27A;SYT5;SYT8;SYT10;RAB10;UNC13D
prerank,recycling endosome (GO:0055037),0.2870729310046392,1.1940703452232435,0.17525773195876287,0.8095969121879132,1.0,48/141,30.09%,RAB11A;DENND6A;ADPRH;SCAMP5;SLC30A10;VPS16;TUBGCP4;SCAMP2;EHD4;HLA-F;OR2A4;VIPAS39;RAB25;TPP1;RAB11FIP3;PACSIN2;VTI1B;SYT11;RAB17;BAIAP3;WASHC1;ATP11A;ABCB11;RAB8A;ATP11C;MYO5A;RAP2A;RAB11B;NEU3;SLC11A2;ABCG1;RAB15;TMEM230;BOK;HFE;MCTP1;TBC1D14;MICALL2;SLC9A7;OPTN;SLC9A6;INPP5F;ZDHHC2;NDRG1;HLA-C;LMTK2;CD274;ZFYVE27
prerank,NuA4 histone acetyltransferase complex (GO:0035267),0.40130970749195877,1.189163006805581,0.22077922077922077,0.8150534769535264,1.0,11/20,34.72%,MRGBP;MORF4L1;ING3;ACTL6B;MEAF6;EP400;EPC2;MSL3;ACTB;EPC1;DMAP1
prerank,mitochondrial envelope (GO:0005740),0.29802682854776574,1.1826819387371117,0.1595744680851064,0.8257891696481813,1.0,44/124,28.88%,VDAC1;DNM1;NLN;STAR;GPAM;HSD3B1;CMC4;BNIP3;MYOC;SIRT5;UQCC2;FBXL4;DNM1L;PPOX;OXA1L;HAX1;ATCAY;TMEM14A;IFI27L2;PNPT1;ADAP2;PRELID2;NGRN;AK2;LYRM7;TMBIM6;ACAD9;TRAP1;CHCHD10;LRRK2;BOK;NDUFA2;SDHAF3;HSD3B2;TIMM10;TMEM14B;SLC9B2;COA4;ARL2;OPA1;MICU1;MAVS;ETFDH;ABCB8
prerank,secretory granule membrane (GO:0030667),0.28228874973123735,1.1790148155790408,0.09183673469387756,0.8279955094739148,1.0,102/270,32.43%,ATP6V0C;ATP6V1D;PSAP;RHOA;MOSPD2;DNAJC13;RAB7A;ATP6V0A1;IGF2R;NCSTN;EXOC3;ATP6AP2;ITGA2B;GPR84;HVCN1;RAB6A;NDUFC2;B4GALT1;ABCA13;IQGAP2;PHACTR2;SLC2A3;TYROBP;RAB5B;FPR2;CD55;ATP8B4;SELL;MMP25;AP1M1;CHRNB4;RAB31;MS4A3;ATP11A;CPNE1;MGAM;ABCA3;VAPA;SIRPB1;LAMTOR1;CPNE3;DMBT1;AZU1;SERPINB6;MGST1;CEACAM1;RAB37;RAB26;PLAUR;MLEC;LY6G6F;DBH;TRPM2;RAB9B;HYAL3;BST2;CYB5R1;SIGLEC14;PECAM1;RAB3D;CUZD1;SYTL4;FABP5;RAB18;FCGR2A;LPCAT1;STOM;LAMTOR2;CD59;LAMP2;MCEMP1;NCKAP1L;RAB27B;HMOX2;RAB3A;CEACAM6;TLR2;DSC1;CEACAM3;HGSNAT;ABCC4;ARL8A;CKAP4;SNAP25;SVIP;TMEM30A;HLA-C;SERPINA5;SNAP23;UBR4;TBC1D10C;CYBA;TMED10;ITGAM;DNAJC5;C3AR1;DGAT1;ATAD3B;ICA1;SLC15A4;ITGB3;SYT4
prerank,intermediate filament cytoskeleton (GO:0045111),0.3084600048228562,1.1750476051300571,0.1797752808988764,0.8308184257602863,1.0,46/84,36.00%,ZNF131;PRPH;CLK3;NSFL1C;EPPK1;MACF1;ING4;SYNM;HSDL1;SMG7;KRT18;SAP30BP;CARMIL2;BCAS3;PPL;SLC1A4;DST;CLIP1;PJA2;PHLDB2;NEFM;ZNF175;PSMD10;KRT76;SYNE2;SESTD1;KRT2;KRT6C;MMP14;NDOR1;BFSP1;KRT7;PLEC;S100A8;MTRR;USP10;KRT10;KRT17;FLG;MICAL1;PKP1;BFSP2;CCT8;SYCE1L;DISC1;KRT5
prerank,serine/threonine protein kinase complex (GO:1902554),0.360773870677806,1.1745152967607093,0.18292682926829268,0.8169464028903153,1.0,20/36,41.16%,CKS1B;CCNG1;CDK12;ACVR1C;ACVR1B;CCND1;CCNB2;CCNI2;CCND2;CDK2;CDK6;ACVR2B;ACVR2A;CCNA2;ACVR1;CCNE2;CCNO;CAB39;CKS2;AMHR2
prerank,germ plasm (GO:0060293),-0.36558631554278953,-1.1701118118048788,0.21212121212121213,0.4214260057471264,1.0,4/15,12.26%,PIWIL1;SNRPG;DDX3X;HELZ
prerank,cytoplasmic vesicle membrane (GO:0030659),0.27217348015775567,1.1687180914567235,0.09090909090909091,0.8349525251135268,1.0,109/375,26.37%,ATP6AP1;ATP6V0B;ATP6V0C;ATP6V0D1;VPS35;VPS26A;CTSD;RHOA;RAB11A;CHMP6;VPS4A;OCA2;DNAJC13;RAB7A;ATP6V0A1;C2CD5;IGF2R;NCSTN;EXOC3;ATP6AP2;VPS37A;SNX2;PIKFYVE;GGA2;TICAM1;HVCN1;RHOD;VPS28;GRIA4;VPS25;APH1A;RAB6A;WNT7A;TSG101;B4GALT1;ABCA13;MSR1;SPPL2A;TPCN1;IQGAP2;LY96;KIF13A;VPS45;SLC2A3;TYROBP;SNX3;CAV1;RAB5B;INSR;CD55;CHMP1B;SELL;TBC1D5;TOR1A;AP1M1;RAB31;CD320;APH1B;WNT6;ABHD17C;HLA-DRB5;ABCA3;SCARB2;ZDHHC11;SIRPB1;IYD;SPPL2B;NOS3;CUBN;SERPINB6;SNX1;RAB26;VAC14;DBH;RAB15;PI4KA;TRPM2;RAB9B;ABCG4;WNT1;ATP6V0E1;PECAM1;TAB3;ANTXR1;IRF7;CSPG5;TPCN2;MVB12B;RBSN;FABP5;RYR3;MARCO;RAB18;FCGR2A;LAMTOR2;UBC;SLA2;NCKAP1L;DCSTAMP;MVB12A;AHNAK2;AP1S3;RAB3A;ACAP2;TLR2;HLA-DQA2;HLA-DQB1;IRAK2;PMEPA1
prerank,mitochondrial intermembrane space (GO:0005758),0.33064501300196286,1.1615799390526407,0.14942528735632185,0.8546064400715565,1.0,22/57,27.88%,NLN;STAR;HSD3B1;CMC4;MYOC;SIRT5;UQCC2;FBXL4;PPOX;HAX1;PNPT1;PRELID2;AK2;TRAP1;CHCHD10;SDHAF3;HSD3B2;TIMM10;COA4;ARL2;OPA1;MICU1
prerank,U2-type spliceosomal complex (GO:0005684),-0.2371307581815378,-1.1568275451784198,0.1111111111111111,0.441796875,1.0,22/89,11.37%,PRPF4;SF3B2;RBMX2;LSM2;PHF5A;RNF113A;SNRPG;ZMAT2;XAB2;SNU13;TXNL4A;PRPF38A;SF3A2;BUD13;DHX8;ISY1;PPIE;SNRPF;LSM3;YJU2;SNRPE;AQR
prerank,very-low-density lipoprotein particle (GO:0034361),-0.3467925076704609,-1.155800502859881,0.2222222222222222,0.4173583984375,1.0,7/15,19.18%,APOA4;APOC4;PCYOX1;APOC3;APOE;APOL1;APOC2
prerank,triglyceride-rich plasma lipoprotein particle (GO:0034385),-0.3467925076704609,-1.155800502859881,0.2222222222222222,0.4173583984375,1.0,7/15,19.18%,APOA4;APOC4;PCYOX1;APOC3;APOE;APOL1;APOC2
prerank,filopodium (GO:0030175),0.3351204177936102,1.1548473235177308,0.2717391304347826,0.8733692771483469,1.0,28/58,37.98%,TUBB3;ACTN2;FSCN3;ERMN;SPEF1;TRPV4;IQGAP2;MTM1;RIPOR2;FSCN1;DMD;PODXL;ACTC1;PALM;ANTXR1;DAG1;SYNE2;VIL1;TBC1D10C;RDX;FGF13;ITGB3;ACTA1;LCP1;ACTA2;ITGA3;ITGAV;CD302
prerank,specific granule membrane (GO:0035579),0.29731175264414855,1.1530797571506894,0.2631578947368421,0.8650187022280046,1.0,36/91,31.77%,ATP6V1D;MOSPD2;GPR84;HVCN1;SLC2A3;FPR2;ATP8B4;MMP25;AP1M1;CHRNB4;MS4A3;ATP11A;LAMTOR1;CEACAM1;RAB37;PLAUR;MLEC;TRPM2;STOM;LAMTOR2;CD59;MCEMP1;HMOX2;CEACAM3;HGSNAT;CKAP4;SNAP25;TMEM30A;SNAP23;UBR4;CYBA;ITGAM;DNAJC5;C3AR1;DGAT1;SLC15A4
prerank,collagen-containing extracellular matrix (GO:0062023),0.2703860614461804,1.1495924494676277,0.2,0.867035362892921,1.0,121/377,31.47%,PSAP;CTSD;SLPI;GREM1;COL17A1;PKM;DEFA1;SEMA7A;LOXL1;ADAMTS4;CRELD1;CTSH;TMEFF1;CLEC14A;SERPINB1;ANGPTL1;NPPA;ANXA6;P3H2;EGFLAM;SEMA3B;EMILIN3;SERPINB9;MMP23B;THBS3;FBN2;TNXB;FGL2;APLP1;TGM2;PLSCR1;MYOC;COL19A1;APOA1;PRTN3;COL28A1;SPON1;MATN4;VIT;CDH2;SFRP1;FBN1;CTSL;FBLN5;CTSS;PRG2;THBS1;EFEMP1;HMCN2;ATRN;VCAN;DPT;MATN3;TGFB1;LOXL2;SERPINH1;HMCN1;C1QC;COL6A6;MMP8;TGFB1I1;PLG;DST;SERPINB6;S100A10;NTN3;SERPINC1;ITIH2;CSTB;ABI3BP;FIBCD1;CBLN4;PCOLCE;LAMA3;APOH;WNT2;ATRNL1;F9;MST1;ADAMTS10;SMOC2;WNT2B;ANXA8;DAG1;LAMC1;IL7;PXDN;MEGF9;SOST;GPC1;EGFL7;HRG;CILP;S100A4;ITIH4;AGRN;S100A6;TIMP3;COL14A1;CLU;ANXA2;WNT8A;COL9A2;COL7A1;ECM1;S100A8;FBLN2;HRNR;SERPINA5;GDF10;CDON;EMILIN2;COCH;FLG;ADAMDEC1;COL6A5;CD151;COL4A2;KNG1;MGP;FGFR2
prerank,ER to Golgi transport vesicle membrane (GO:0012507),-0.26343241781511134,-1.1463381454674189,0.21052631578947367,0.42830650252525254,1.0,8/52,8.37%,SEC22B;USO1;STX5;GOSR2;HLA-B;SEC24B;CD74;SEC31A
prerank,coated vesicle (GO:0030135),0.30463006711423707,1.1453695244195616,0.2608695652173913,0.87052694347676,1.0,46/80,45.90%,CCDC115;FCHO1;STON2;CLTC;VPS33B;GGA2;HIP1R;SLC28A2;OCRL;SNX3;STX6;TMED3;HAX1;AP1M1;MALL;DAB2;DDHD2;PICALM;ERGIC3;TNK2;EPN3;TEX261;DENND1A;HIP1;COL7A1;F8;TMED10;LMAN2L;FCHO2;TMED2;VTI1A;NUMB;GPR107;LMAN1;AP1G1;CLVS2;VPS41;SNX18;STX17;YIF1A;SNX9;VAMP3;SEC23IP;TMED1;SERPINA1;GOLGA2
prerank,postsynaptic density membrane (GO:0098839),-0.2986014222943405,-1.145218681989563,0.23809523809523808,0.4186963848039216,1.0,8/20,19.00%,CACNG5;SYNJ2BP;GRIN2B;CACNG2;DLG4;DAGLA;GRIN2C;NETO1
prerank,excitatory synapse (GO:0060076),-0.3103385765475928,-1.144716251875089,0.3125,0.4081845238095238,1.0,10/25,19.00%,AKAP5;SLC17A7;ATP2B3;GRIA2;SLC17A6;NLGN4Y;DLG4;SHISA7;ELFN1;NETO1
prerank,H4/H2A histone acetyltransferase complex (GO:0043189),0.38689005497000517,1.1407059749788413,0.24675324675324675,0.8754171550181975,1.0,10/19,34.72%,MRGBP;MORF4L1;ING3;ACTL6B;MEAF6;EP400;MSL3;ACTB;EPC1;DMAP1
prerank,SCF ubiquitin ligase complex (GO:0019005),0.33325332665639706,1.1403909380005515,0.26881720430107525,0.8622221885327916,1.0,22/57,32.94%,FBXL16;SPSB3;FBXL6;FBXO9;CKS1B;SKP2;FBXW5;FBXL4;CUL2;FBXO45;FBXO38;SPSB2;FBXL19;CUL5;FBXL20;AMN1;SPSB1;FBXL5;FBXW4;FBXO4;FBXO48;FBXO39
prerank,integral component of endoplasmic reticulum membrane (GO:0030176),0.2778625291383984,1.1347656433904951,0.20408163265306123,0.8701714370900416,1.0,48/137,26.99%,EMC7;DERL3;EMC3;UBXN8;HM13;DHRS9;EMC4;DOLPP1;FITM1;DOLK;HLA-F;DGAT2;EDEM1;DHCR7;SCD;SPPL2A;TAPBP;XXYLT1;DNAJB12;SPCS1;ERN1;TRAM1L1;HLA-DRB5;ATF6;SLC37A2;PIGT;DPM3;SPPL2B;FICD;ELOVL2;RRBP1;TMEM33;ANKLE2;TRAM2;ERGIC3;TAP2;MBOAT4;RETREG1;MMGT1;DCSTAMP;EMC1;AUP1;HLA-DQA2;TECR;SELENOS;HLA-DQB1;TEX261;ATF6B
prerank,clathrin-coated vesicle (GO:0030136),0.3001034693802981,1.124418637447926,0.25842696629213485,0.9044356139476232,1.0,28/78,27.86%,IGF2R;FCHO1;STON2;CLTC;VPS33B;CEMIP;GGA2;HIP1R;SPG21;OCRL;SNX3;STX6;HAX1;AP1M1;RAB8A;MALL;DAB2;PICALM;MYO1E;TNK2;EPN3;TGOLN2;RAB27B;DENND1A;INPP5F;HIP1;FURIN;CLTA
prerank,postsynaptic specialization membrane (GO:0099634),-0.2910831680143797,-1.1175168977018703,0.25,0.44903790509259256,1.0,8/21,19.00%,CACNG5;SYNJ2BP;GRIN2B;CACNG2;DLG4;DAGLA;GRIN2C;NETO1
prerank,spliceosomal tri-snRNP complex (GO:0097526),-0.2890281308585766,-1.114345904666596,0.2222222222222222,0.432531524122807,1.0,12/32,15.90%,PRPF4;LSM2;SNRPG;ZMAT2;SNU13;TXNL4A;SNRPF;LSM3;SNRPE;CD2BP2;SNRPN;PRPF31
prerank,U4/U6 x U5 tri-snRNP complex (GO:0046540),-0.2890281308585766,-1.114345904666596,0.2222222222222222,0.432531524122807,1.0,12/32,15.90%,PRPF4;LSM2;SNRPG;ZMAT2;SNU13;TXNL4A;SNRPF;LSM3;SNRPE;CD2BP2;SNRPN;PRPF31
prerank,coated vesicle membrane (GO:0030662),-0.25110206366867244,-1.1141496355476823,0.15789473684210525,0.42230902777777773,1.0,8/52,8.37%,SEC22B;USO1;STX5;GOSR2;HLA-B;SEC24B;CD74;SEC31A
prerank,late endosome membrane (GO:0031902),0.2966060821453288,1.107197780026103,0.3,0.9691413237924866,1.0,17/62,17.71%,RAB7A;LITAF;VPS39;ABHD6;PIKFYVE;ANXA6;WDR91;VTI1B;BAIAP3;IFITM2;VPS36;HLA-DRB5;SCARB2;LAMTOR1;WDR81;VAC14;SLC11A2
prerank,INO80-type complex (GO:0097346),0.36342062059435093,1.106028731959197,0.375,0.9611700315188687,1.0,6/24,15.26%,ZNHIT1;ANP32E;ACTR8;ING3;ACTR5;NFRKB
prerank,cullin-RING ubiquitin ligase complex (GO:0031461),0.28060378450420415,1.1048170281639436,0.27835051546391754,0.9519335588103757,1.0,45/156,24.60%,FEM1B;FBXL16;SPSB3;KLHL20;CUL3;ELOB;FBXL6;FBXO9;ASB4;CKS1B;PLRG1;PRAME;DCAF7;DCAF12;SKP2;FBXW5;DCAF6;FBXL4;DCAF5;ZSWIM4;ELOC;CUL2;FBXO45;DTL;KLHL40;CDC16;KBTBD8;FBXO38;SPSB2;CUL9;CUL7;DCAF12L1;ANAPC13;UBE2C;ZSWIM8;DDA1;FBXL19;KLHL41;CUL5;TNFAIP1;ANAPC11;FBXL20;AMN1;DET1;SPSB1
prerank,spliceosomal snRNP complex (GO:0097525),-0.24070978104647478,-1.1023511484883952,0.2,0.4388346354166667,1.0,17/51,15.90%,PRPF4;SF3B2;RBMX2;LSM2;PHF5A;SNRPG;SNU13;TXNL4A;SF3A2;SNRPF;LSM3;SNRPE;CD2BP2;SNRPA;SNRPN;SF3B5;PRPF31
prerank,H4 histone acetyltransferase complex (GO:1902562),0.3626474195041793,1.1020344953862142,0.3076923076923077,0.9500295857988166,1.0,12/25,29.46%,YEATS2;POLE3;KANSL3;MSL2;PHF20;SGF29;ATF2;KANSL1L;KANSL1;ZZZ3;MSL3;MBIP
prerank,trans-Golgi network (GO:0005802),0.2598325186723795,1.101317192834696,0.3163265306122449,0.9387054805659456,1.0,49/221,14.53%,RAB11A;CHAC1;RAB9A;KLHL20;SCAMP5;IGF2R;AP4E1;CLTC;SLC24A5;M6PR;TJAP1;GOLPH3;TRAPPC9;SCAMP2;RIC1;GGA2;BIRC6;CHST2;CLASP2;RAB6A;CORO7;RNF215;FUT7;DENND5A;SCOC;GOLT1A;KIF13A;ARL5B;OCRL;AFTPH;STX6;SYT11;RGP1;STX10;BAIAP3;RGS20;ARL5C;ATP8B4;ATP8B3;AP1M1;RAB31;ATP11A;HLA-DRB5;RAB8A;MLANA;ATP11C;MS4A6A;FUT9;CDH1
prerank,voltage-gated potassium channel complex (GO:0008076),-0.21623825349471,-1.099422620329148,0.21428571428571427,0.4359756097560976,1.0,15/73,12.19%,KCNN1;KCNAB3;KCNIP2;KCNIP4;KCNA4;KCNH4;KCNIP1;KCND3;HCN1;KCNK1;KCNE5;KCNJ5;KCNB2;KCNG2;HCN4
prerank,polymeric cytoskeletal fiber (GO:0099513),0.26694677457510296,1.0993041160107297,0.27,0.9323218433770325,1.0,114/253,38.16%,KIF5B;KATNB1;CCDC66;KIF20A;TUBB3;ACTN2;TPM1;KIF22;MAP1A;PRPH;CEP57;CLASP2;EPPK1;MACF1;SPEF1;TSC1;SYNM;TUBB4B;ARHGAP6;KRT18;WAS;KIF13A;TPPP;PSTPIP1;TUBD1;DNM1L;TOGARAM1;KIF15;KIF27;TUBB2B;KIF12;CORO1A;MYO5A;TUBE1;TBCD;PPL;KIF5C;SLC1A4;KIF20B;MAPRE1;DST;CLIP1;KIF7;PLS1;TPPP3;DNAJA3;KIF13B;KIF9;KIF3A;COBL;PAWR;ACTC1;AKNA;CCT3;APC;TUBA1B;APC2;KRT76;KIF17;KIF23;KRT2;KRT6C;HCK;KIF3B;WIPF3;BAG2;BFSP1;KIF16B;TUBA4A;KRT7;PLEC;NDRG1;PAK1;MID2;KRT10;POLB;FLG;KIF1B;MICAL1;EFHC2;ACTB;KIF21B;FGF13;ACTA1;TUBB4A;TPM4;TUBAL3;DCDC2;DCDC2B;PLS3;TCP11L1;PKP1;TUBA3E;KIF2B;FHDC1;GAS8;BFSP2;LCP1;CCT8;COTL1;DISC1;MAP2K2;KRT5;KIF1A;MAP6D1;PKP2;MARK2;HCLS1;KIF25;MYO9B;DNM2;TUBA3C;CCT4;TUBB1
prerank,supramolecular fiber (GO:0099512),0.39136116332136794,1.0980540815201136,0.3972602739726027,0.9248303167420814,1.0,6/19,23.27%,FBN2;FBN1;FBLN5;ADAMTS10;MFAP1;ADAMTSL5
prerank,specific granule (GO:0042581),0.27193192645595177,1.0973809862529134,0.2857142857142857,0.9138530242928625,1.0,58/160,31.77%,ATP6V1D;CTSD;MOSPD2;SLPI;CHI3L1;GPR84;HVCN1;NEU1;CXCL1;ERP44;SLC2A3;FPR2;ATP8B4;QSOX1;MMP25;AP1M1;CHRNB4;MS4A3;ATP11A;LYZ;LAMTOR1;MMP8;LCN2;CEACAM1;RAB37;PLAUR;MLEC;TRPM2;PTPN6;PTX3;CEP290;CYFIP1;STOM;LAMTOR2;CD59;STX4;ILF2;MCEMP1;HMOX2;CRISP3;ACAA1;CEACAM3;ARG1;QPCT;HGSNAT;STXBP3;CKAP4;SNAP25;CNN2;TMEM30A;SNAP23;UBR4;CYBA;ITGAM;DNAJC5;C3AR1;DGAT1;SLC15A4
prerank,integral component of lumenal side of endoplasmic reticulum membrane (GO:0071556),0.3483676035526983,1.097262938832749,0.35064935064935066,0.8887311345712917,1.0,10/26,29.06%,HM13;HLA-F;SPPL2A;TAPBP;HLA-DRB5;SPPL2B;HLA-DQA2;HLA-DQB1;CANX;HLA-C
prerank,lumenal side of endoplasmic reticulum membrane (GO:0098553),0.3483676035526983,1.097262938832749,0.35064935064935066,0.8887311345712917,1.0,10/26,29.06%,HM13;HLA-F;SPPL2A;TAPBP;HLA-DRB5;SPPL2B;HLA-DQA2;HLA-DQB1;CANX;HLA-C
prerank,organelle envelope lumen (GO:0031970),0.30572395277497977,1.093719076120353,0.34444444444444444,0.8933965662890082,1.0,23/62,27.88%,NLN;STAR;HSD3B1;CMC4;MYOC;SIRT5;UQCC2;FBXL4;PPOX;HAX1;ALOX5;PNPT1;PRELID2;AK2;TRAP1;CHCHD10;SDHAF3;HSD3B2;TIMM10;COA4;ARL2;OPA1;MICU1
prerank,melanosome (GO:0042470),0.3597706795320491,1.087212080133464,0.37333333333333335,0.9095204254172078,1.0,12/28,28.14%,OCA2;RAB9A;GCHFR;RAB17;MLANA;MYO5A;TMEM33;RAB27B;HPS4;MFSD12;TYRP1;TH
prerank,glutamatergic synapse (GO:0098978),0.2951001085719482,1.0820055410163987,0.34831460674157305,0.9224701445631678,1.0,25/69,33.11%,VPS18;RHOA;RAB11A;PTPRO;GSK3B;WNT7A;PIN1;BSN;SLITRK2;CDKL5;NRG3;NOS1AP;DRD2;IL1RAPL1;NPTX1;DLGAP4;STX4;SLITRK1;OPHN1;YWHAZ;ACTB;NLGN4X;ITGB3;LRRTM3;WNT3A
prerank,U2-type catalytic step 2 spliceosome (GO:0071007),0.3378689027225813,1.0807834385554258,0.36363636363636365,0.9151043530113298,1.0,7/30,9.80%,SNRPA1;PRPF19;SNRPD2;EFTUD2;PLRG1;PPIL1;CRNKL1
prerank,membrane raft (GO:0045121),0.2696789907098665,1.0784558787138074,0.2978723404255319,0.9147720318237453,1.0,55/163,30.56%,ATP1A1;CTSD;CHRNA7;CHRNB2;PPP2CA;CLN6;CHRNA3;PIKFYVE;ADD2;SDCBP;TPP1;PLSCR1;FYB2;PRTN3;CAV1;CD55;LAT;NTSR1;GHSR;THY1;TLR6;MAL2;MALL;SERPINH1;PRNP;KCND2;LAMTOR1;CAV2;PAG1;S100A10;DMD;ABCG2;CD24;RTN4R;ERLIN2;ATP2B4;LRRK2;SORBS1;STOM;LDHB;GPC1;ZAP70;SLC1A2;ORAI1;TLR2;ANXA2;FURIN;JAK2;NOS1;KCNA5;FYN;LCK;SLC6A4;TLR1;ITGAM
prerank,cilium (GO:0005929),0.25521324982549154,1.074281562858721,0.3333333333333333,0.9217712520038102,1.0,66/217,26.65%,ATP6V1D;PKHD1;IQCE;CCDC66;TNPO1;TTC26;RSPH3;CYS1;ROPN1L;NPHP3;TRPV4;DNAH5;IFT80;UBXN10;TTLL2;MKKS;DNAH7;SORD;TULP3;TOGARAM1;WDR35;TRAF3IP1;MCHR1;ARL6;KIF27;RAB8A;OFD1;ADCY10;IFT172;PCM1;TEDC2;KIF7;NPFFR1;CEP19;CLUAP1;SCNN1A;RAB15;KIF3A;IFT52;TCTN2;TTC30B;DRC7;KISS1R;TTC23;DYNLRB2;DRD2;IFT46;IFT57;TMEM216;KIF17;MNS1;PDE6D;UNC119B;OXCT2;FFAR4;IFT43;CFAP206;CAMSAP3;IFT81;HYLS1;RSPH9;TMEM138;KIF3B;GPR19;AHI1;ARL2
prerank,intrinsic component of endoplasmic reticulum membrane (GO:0031227),0.2711379610689106,1.0667300670862048,0.3829787234042553,0.9396604513554424,1.0,41/117,26.99%,EMC7;DERL3;EMC3;UBXN8;DHRS9;EMC4;DOLPP1;FITM1;DOLK;DGAT2;EDEM1;DHCR7;SCD;XXYLT1;DNAJB12;SPCS1;ERN1;TRAM1L1;ATF6;SLC37A2;PIGT;DPM3;FICD;ELOVL2;RRBP1;TMEM33;ANKLE2;TRAM2;ERGIC3;TAP2;MBOAT4;RETREG1;MMGT1;DNAJB2;DCSTAMP;EMC1;AUP1;TECR;SELENOS;TEX261;ATF6B
prerank,peroxisomal matrix (GO:0005782),0.311003836806992,1.0627788134738316,0.39759036144578314,0.9315870974955277,1.0,16/49,27.32%,AMACR;PHYH;SCP2;TYSND1;ACOT6;NUDT12;ACOX1;GRHPR;MLYCD;CAT;EPHX2;PEX7;ACOT4;ACOX2;ACAA1;HACL1
prerank,microbody lumen (GO:0031907),0.311003836806992,1.0627788134738316,0.39759036144578314,0.9315870974955277,1.0,16/49,27.32%,AMACR;PHYH;SCP2;TYSND1;ACOT6;NUDT12;ACOX1;GRHPR;MLYCD;CAT;EPHX2;PEX7;ACOT4;ACOX2;ACAA1;HACL1
prerank,U2 snRNP (GO:0005686),-0.29737338312981365,-1.0623540372921532,0.3103448275862069,0.5199032738095238,1.0,5/20,4.98%,SF3B2;RBMX2;PHF5A;SNRPG;SF3A2
prerank,adherens junction (GO:0005912),0.264044730071222,1.060353084775296,0.3225806451612903,0.9299840985887496,1.0,44/129,31.58%,CDCA3;IGSF21;PDLIM1;SDCBP;CDH12;MAGI1;TRPV4;ZYX;KRT18;KIFC3;SCRIB;CDH2;CDH9;TJP1;AFDN;SHROOM1;WTIP;CDH18;CDH1;CTNNA3;HMCN1;PDLIM5;CEACAM1;PARD3;MYO1E;CNN3;SH3BP1;FRMD5;APC;CCDC85A;SORBS1;PDLIM7;FRMD4A;CAMSAP3;VEGFA;AHI1;ANXA2;NDRG1;FRMD4B;SNAP23;NECTIN4;CTNNA2;ADD1;ACTB
prerank,secretory granule lumen (GO:0034774),0.2505560375315257,1.0591932012383773,0.31,0.9232629041406694,1.0,106/313,30.00%,CTSD;SLPI;SELENOP;PKM;DEFA1;CHI3L1;GLB1;DPP7;TTR;ACTN2;CTSA;PSMD6;CTSH;VAT1;SERPINB1;NEU1;NPC2;CXCL1;ACTR1B;SDCBP;ERP44;TUBB4B;APOA1;TOR4A;MAPK14;GDI2;PRTN3;EPX;VTI1B;PTGES2;AGA;DEFA5;QSOX1;PSMB1;GYG1;GALNS;THBS1;DNAJC3;INS;DYNLT1;GM2A;ARPC5;TGFB1;ALOX5;LYZ;PPIA;MMP8;AZU1;PLG;CAT;LCN2;PCSK1;PAFAH1B2;RNASE3;MAPK1;PYCARD;GCA;CSTB;DBH;GLA;PTPN6;TEX264;HEBP2;FGR;APOH;CDC37L1;PROS1;PTX3;CEP290;CYFIP1;NHLRC2;FABP5;APAF1;ACTR2;HRG;ROCK1;CYB5R3;ILF2;TIMP1;DSN1;CRISP3;FAF2;ITIH4;GRP;CREG1;ACAA1;MNDA;TIMP3;CRISPLD2;CLU;VEGFA;ARG1;QPCT;ITIH3;ANXA2;PYGL;OSTF1;ECM1;S100A8;CNN2;HRNR;F8;ALDOA;VCP;FUCA2;GSN
prerank,gap junction (GO:0005921),0.3441312623086553,1.050576574114236,0.43243243243243246,0.9454700734961312,1.0,6/23,18.45%,GJD2;GJA8;TJP1;GJA5;GJC3;GJA4
prerank,P granule (GO:0043186),-0.31315987611556484,-1.0499841105190306,0.27586206896551724,0.5369428294573644,1.0,5/19,12.26%,PIWIL1;SNRPG;DDX3X;TDRD9;HELZ
prerank,Cul4-RING E3 ubiquitin ligase complex (GO:0080008),0.32475987096755055,1.049431264967899,0.425,0.939668519465031,1.0,14/34,29.99%,PLRG1;DCAF7;DCAF12;FBXW5;DCAF6;DCAF5;DTL;DCAF12L1;DDA1;COP1;DET1;DCAF8;ERCC8;DCAF8L1
prerank,rough endoplasmic reticulum (GO:0005791),-0.22572234015225814,-1.047094186516391,0.4117647058823529,0.533203125,1.0,4/29,5.99%,RPN1;RANGRF;RAB14;RPL4
prerank,keratin filament (GO:0045095),0.39753277028783246,1.0458093953615002,0.4246575342465753,0.9430211512154056,1.0,4/15,7.87%,KRT84;FAM83H;EPPK1;KRT18
prerank,autophagosome (GO:0005776),0.27544524352432037,1.043834222046768,0.3707865168539326,0.9397392561467737,1.0,23/67,26.05%,ADPRH;GABARAPL1;ATG12;PIK3C3;VPS33A;TECPR1;TP53INP1;RUFY4;TBC1D5;CALCOCO2;WASHC1;NBR1;MAP1LC3A;WDR81;TEX264;LRRK2;MAPK15;LAMP2;TBC1D14;SQSTM1;ULK3;AUP1;ZFYVE1
prerank,microtubule (GO:0005874),0.25715416330525587,1.0412331771831742,0.37373737373737376,0.9399759422614274,1.0,79/179,38.16%,KIF5B;KATNB1;RMDN3;CCDC66;KIF20A;TUBB3;KIF22;MAP1A;NUMA1;CEP57;CLASP2;MACF1;SPEF1;TUBB4B;KIF13A;TPPP;TUBD1;DNM1L;TOGARAM1;PRC1;KIF15;KIF27;TUBB2B;KIF12;TUBE1;TBCD;KIF5C;KIF20B;MAPRE1;CLIP1;KIF7;TPPP3;KIF13B;KIF9;KIF3A;AKNA;CCT3;APC;TUBA1B;KIF17;KIF23;BOD1L2;KIF3B;RMDN2;BAG2;CALM1;KIF16B;TUBA4A;NDRG1;MID2;POLB;KIF1B;EFHC2;KIF21B;FGF13;TUBB4A;TUBAL3;DCDC2;ARL3;DCDC2B;TCP11L1;SKA1;TUBA3E;KIF2B;FHDC1;GAS8;PSRC1;BIRC5;TPX2;CCT8;DISC1;MAP2K2;KIF1A;MAP6D1;KIF25;DNM2;TUBA3C;CCT4;TUBB1
prerank,apical junction complex (GO:0043296),0.2689950378634812,1.038796453292151,0.37362637362637363,0.9376041836070906,1.0,27/98,25.95%,RHOA;CLDN23;BVES;CLDN6;JAML;EPPK1;OCLN;KIFC3;TJP1;CLDN34;SHROOM1;CLDN5;CDH1;CLDN3;TBCD;VAPA;PARD3;SH3BP1;PARD6B;APC;SORBS1;CLDN15;FRMD4A;MICALL2;CLDN10;CLDN20;CAMSAP3
prerank,ficolin-1-rich granule membrane (GO:0101003),0.2838222120212429,1.0316871027812318,0.38461538461538464,0.9525105023014612,1.0,29/60,40.37%,ATP6V0C;RHOA;ATP6V0A1;ATP6AP2;SLC2A3;FPR2;CD55;MGAM;LAMTOR1;SERPINB6;TRPM2;SIGLEC14;LAMP2;NCKAP1L;DSC1;ARL8A;UBR4;TBC1D10C;ATAD3B;PKP1;LILRB2;DOK3;CR1;GAA;TCIRG1;CLEC4C;LILRA3;PTPRN2;LGALS3
prerank,nuclear membrane (GO:0031965),-0.15884865509427845,-1.0295980425981508,0.5,0.5582175925925926,1.0,33/198,11.76%,DCTN5;UNC50;GUCY2D;UTP18;GTPBP4;SUN5;AHCTF1;DNAJC2;CTDNEP1;CREB3L4;TXNL4A;ZBTB1;SLC16A3;SPAST;FZR1;LMNB1;SPATA46;ZNF224;CLMN;TMEM38B;AK9;DMPK;ITPRIP;OSBPL3;CBX3;SULT1E1;RANGAP1;TM7SF2;RAP1GAP2;CENPV;NUP133;ITGB4;ANXA4
prerank,intermediate filament (GO:0005882),0.29929212096104285,1.0288298025502243,0.44047619047619047,0.9526952892069172,1.0,26/50,37.07%,KRT84;FAM83H;PRPH;EPPK1;MACF1;SYNM;KRT18;PPL;SLC1A4;DST;CLIP1;KRT76;KRT2;KRT6C;TCHP;BFSP1;KRT7;PLEC;KRT10;FLG;MICAL1;PKP1;BFSP2;KRT5;VMAC;PKP2
prerank,trans-Golgi network transport vesicle (GO:0030140),0.3853436431152547,1.0277025642520476,0.41025641025641024,0.9463892547524032,1.0,9/15,38.78%,IGF2R;SPG21;RAB8A;TGOLN2;RAB27B;FURIN;TMED10;GOPC;RASSF9
prerank,tertiary granule lumen (GO:1904724),0.2967464262307312,1.0234306983037342,0.42696629213483145,0.952669751886132,1.0,21/55,31.55%,CTSD;CTSH;CXCL1;METTL7A;QSOX1;CTSS;PRSS3;LYZ;MMP8;YPEL5;CSTB;PTPN6;PTX3;CYFIP1;ILF2;CRISP3;QPCT;CNN2;ALDOA;TNFAIP6;ASAH1
prerank,GABA-A receptor complex (GO:1902711),0.35602058318493107,1.0231474273612562,0.45454545454545453,0.943468078558101,1.0,4/19,10.82%,GABRA5;GABRB3;GABRB2;GABRP
prerank,platelet alpha granule membrane (GO:0031092),0.36443668884054176,1.0227201316313013,0.4383561643835616,0.935024549918167,1.0,6/17,21.63%,ITGA2B;PHACTR2;LY6G6F;CYB5R1;PECAM1;SYTL4
prerank,U12-type spliceosomal complex (GO:0005689),0.33488910130657024,1.0224657054500765,0.41025641025641024,0.9261095942001695,1.0,6/28,7.50%,SF3B6;ZRSR2;SNRPD2;ZCRB1;LSM7;SNRNP48
prerank,mitochondrial outer membrane translocase complex (GO:0005742),0.3527808190986612,1.017727872262879,0.42857142857142855,0.9338998211091234,1.0,6/19,20.85%,TOMM70;DNAJC11;MTX1;CHCHD6;APOO;HSPA9
prerank,cell-substrate junction (GO:0030055),0.2369690161394128,1.0133461620422943,0.45454545454545453,0.9398036810947384,1.0,147/392,36.01%,ATP6V0C;RHOA;IL16;PPFIA1;COL17A1;IGF2R;NCSTN;CLTC;PDLIM1;ACTN2;EPB41L2;UBOX5;ANXA6;CLASP2;TES;HNRNPK;MAP4K4;ITGA6;TNS2;PPFIBP1;ENG;EPPK1;NPM1;TGM2;TRPV4;ZYX;SVIL;EFS;SCARF2;GDI2;FBLN7;CAV1;RND3;SLC9A3R2;PACSIN2;DCAF6;PCBP2;RPS29;XIRP2;CDH2;XIRP1;SMPX;CSRP1;CHP1;ITGA11;THY1;RPLP1;ARPC5;CNN1;PARVB;TNS4;ARMC5;LMLN;SCARB2;KRAS;PPIA;DAB2;ASAP3;CPNE3;CAV2;TGFB1I1;MAPRE1;PPP1CB;DST;PDCD6IP;SORBS3;CAT;EVL;RPS11;PHLDB2;DDR2;ITGB7;PLAUR;MAPK1;MTF2;PI4KA;AFAP1;MARCKS;DMD;ACTC1;MAP2K1;CNN3;HSPA9;YWHAB;ITGB5;ITGB6;CYFIP1;NEXN;ACTR2;SORBS1;DAG1;PDLIM7;LAYN;SLA;KIF23;CD59;TADA1;ALKBH6;SYNE2;HMGA1;ENAH;HSPA1B;ADAM9;MMP14;HCK;ADGRB1;ARL2;JAK2;ARPC5L;FZD1;PLEC;FHL1;CNN2;ARPC2;SNAP23;SLC6A4;GSN;YES1;CD151;MAPK3;RDX;YWHAZ;ADD1;ACTB;ARF1;ITGB3;PABPC1;RPLP2;TPM4;ITGB8;RPS3A;PTK2B;GNA13;TNS1;FHL3;DPP4;LCP1;PIP5K1C;CORO2B;GNB2;RRAS;MYH9;ITGA3;MAP2K2;MPZL1;LPXN;HSPA8
prerank,GABA-ergic synapse (GO:0098982),0.34824152550234455,1.0129262974855024,0.38461538461538464,0.9318320798802527,1.0,7/18,25.77%,PTPRO;MDGA1;BSN;SLITRK2;CBLN4;SLITRK3;SLITRK1
prerank,microbody membrane (GO:0031903),0.29033564048597826,1.0042550881102192,0.5119047619047619,0.9517875535317396,1.0,17/52,28.68%,PEX3;MPV17;PEX12;FAR2;NBR1;GDAP1;PEX10;CAT;MGST1;TTC1;HMGCR;FIS1;PEX11A;PEX7;PXMP4;PEX14;MAVS
prerank,endoplasmic reticulum lumen (GO:0005788),0.24118300795691086,1.0042287511356234,0.49,0.9423577817531307,1.0,117/281,39.63%,COL17A1;FMO1;CLN6;PTGS2;VCPIP1;COLGALT1;P3H2;PROC;WNT7A;FSTL1;ERP44;COL19A1;APOA1;TOR4A;COL28A1;AMBN;LIPC;COL22A1;SPON1;CDH2;SPP1;QSOX1;FBN1;TOR1A;THBS1;DNAJC3;BPIFB2;MGAT4A;SUMF1;DBI;INS;WNT6;VCAN;STC2;MATN3;P4HA3;SERPINH1;MEN1;CRTAP;IL27;ERO1A;AFP;ARSJ;GPX8;SERPINC1;C4A;ADAMTS7;PLAUR;MAPK1;ITIH2;ARSF;JMJD8;ANO8;WNT1;TXNDC16;TRDN;F9;FGF23;F10;CNPY3;DAG1;LAMC1;IGFBP5;STS;FAM20C;TOR3A;TIMP1;TGOLN2;LRPAP1;TSPAN5;COL14A1;SUMF2;RDH5;PENK;PDIA6;COL9A2;PDIA5;CKAP4;COL7A1;ERAP1;CANX;PRSS23;F8;WNT4;FUCA2;BMP4;CSF1;COL4A2;MAPK3;KNG1;PRKCSH;PDGFD;FOXRED2;EOGT;WNT3A;TSPAN33;APOA2;EVA1A;SHISA5;MZB1;MBTPS1;CP;WNT5B;LAMB2;SCG2;COL26A1;COL1A1;FGA;ARSD;IGFBP1;COL27A1;TMEM132A;GOLM1;CASQ2;IGFBP7;PPIB;APOA5
prerank,sarcoplasmic reticulum membrane (GO:0033017),0.3181215707088927,1.0036473113061544,0.47560975609756095,0.9358189128394057,1.0,9/27,21.95%,CHERP;JPH2;ATP2A2;AKAP6;TMEM38A;NOS1AP;TRDN;KLHL41;RYR3
prerank,focal adhesion (GO:0005925),0.2339816679820092,1.0030590996364845,0.5,0.9288036234171665,1.0,145/385,36.45%,ATP6V0C;RHOA;IL16;PPFIA1;IGF2R;NCSTN;CLTC;PDLIM1;ACTN2;EPB41L2;UBOX5;ANXA6;CLASP2;TES;HNRNPK;MAP4K4;ITGA6;TNS2;PPFIBP1;ENG;NPM1;TGM2;TRPV4;ZYX;SVIL;EFS;SCARF2;GDI2;FBLN7;CAV1;RND3;SLC9A3R2;PACSIN2;DCAF6;PCBP2;RPS29;XIRP2;CDH2;XIRP1;CSRP1;CHP1;ITGA11;THY1;RPLP1;ARPC5;CNN1;PARVB;TNS4;ARMC5;LMLN;SCARB2;KRAS;PPIA;DAB2;ASAP3;CPNE3;CAV2;TGFB1I1;MAPRE1;PPP1CB;DST;PDCD6IP;SORBS3;CAT;EVL;RPS11;PHLDB2;DDR2;ITGB7;PLAUR;MAPK1;MTF2;PI4KA;AFAP1;MARCKS;ACTC1;MAP2K1;CNN3;HSPA9;YWHAB;ITGB5;ITGB6;CYFIP1;NEXN;ACTR2;SORBS1;DAG1;PDLIM7;LAYN;SLA;KIF23;CD59;TADA1;ALKBH6;SYNE2;HMGA1;ENAH;HSPA1B;ADAM9;MMP14;HCK;ADGRB1;ARL2;JAK2;ARPC5L;FZD1;PLEC;FHL1;CNN2;ARPC2;SNAP23;SLC6A4;GSN;YES1;CD151;MAPK3;RDX;YWHAZ;ADD1;ACTB;ARF1;ITGB3;PABPC1;RPLP2;TPM4;ITGB8;RPS3A;PTK2B;GNA13;TNS1;FHL3;DPP4;LCP1;PIP5K1C;CORO2B;GNB2;RRAS;MYH9;ITGA3;MAP2K2;MPZL1;LPXN;HSPA8;PEAK1;MME
prerank,non-motile cilium (GO:0097730),0.3334591341687062,0.9986051234151295,0.4805194805194805,0.9328733695746565,1.0,13/25,39.17%,PHYH;TULP3;MCHR1;RAB8A;PCM1;DRD2;HYLS1;AHI1;BBS4;PKD1L1;PKD2L1;DYNLL2;ARL13A
prerank,connexin complex (GO:0005922),0.3318977550521172,0.9964677944980078,0.4657534246575342,0.9303417847805147,1.0,5/21,18.45%,GJD2;GJA8;GJA5;GJC3;GJA4
prerank,tertiary granule (GO:0070820),0.24654395313247407,0.9927737978409424,0.5252525252525253,0.9317182042763437,1.0,56/163,31.55%,ATP6V0C;CTSD;RHOA;ATP6V0A1;ATP6AP2;GPR84;CTSH;CXCL1;METTL7A;SLC2A3;FPR2;CD55;ATP8B4;QSOX1;CTSS;CHRNB4;ATP11A;PRSS3;MGAM;LYZ;LAMTOR1;MMP8;YPEL5;SERPINB6;CEACAM1;CSTB;TRPM2;SIGLEC14;PTPN6;PTX3;CYFIP1;STOM;LAMTOR2;CD59;ILF2;LAMP2;MCEMP1;NCKAP1L;CRISP3;DSC1;QPCT;HGSNAT;ARL8A;STXBP3;SNAP25;SVIP;CNN2;ALDOA;SNAP23;UBR4;TNFAIP6;TBC1D10C;CYBA;ITGAM;ATAD3B;ASAH1
prerank,condensed nuclear chromosome (GO:0000794),-0.2620285095255484,-0.9880402401871281,0.5652173913043478,0.6704596920289855,1.0,3/18,7.60%,RRS1;NIFK;TUBG1
prerank,protein phosphatase type 2A complex (GO:0000159),0.34634715029462504,0.9795725193486531,0.49295774647887325,0.9658166537280185,1.0,3/17,3.12%,PPP2R5C;PPP2CA;PPP2CB
prerank,specific granule lumen (GO:0035580),0.2806717825523723,0.9788938875020244,0.5287356321839081,0.9595898884857806,1.0,19/62,26.44%,CTSD;SLPI;CHI3L1;NEU1;CXCL1;ERP44;QSOX1;LYZ;MMP8;LCN2;PTPN6;PTX3;CEP290;CYFIP1;ILF2;CRISP3;ACAA1;ARG1;QPCT
prerank,peroxisomal membrane (GO:0005778),0.2802180615488859,0.9753819995906375,0.5476190476190477,0.9619624991718015,1.0,17/53,28.68%,PEX3;MPV17;PEX12;FAR2;NBR1;GDAP1;PEX10;CAT;MGST1;TTC1;HMGCR;FIS1;PEX11A;PEX7;PXMP4;PEX14;MAVS
prerank,cornified envelope (GO:0001533),0.2885343821877845,0.9662430215250256,0.5681818181818182,0.9841755428271323,1.0,16/42,30.20%,CSTA;TCHH;SPRR3;LCE1D;DSG2;PPL;SPRR2A;IVL;SPRR2B;KRT2;SPRR2E;DSG3;DSC1;HRNR;KRT10;FLG
prerank,actin-based cell projection (GO:0098858),0.2685649851786188,0.9614394633567067,0.5681818181818182,0.9892449991868597,1.0,23/82,22.56%,TUBB3;ACTN2;ESPN;FSCN3;ERMN;SPEF1;TRPV4;CLRN1;IQGAP2;MTM1;MYO1H;RIPOR2;FSCN1;TGFB1;MYO7B;SLC27A4;DMD;PODXL;ACTC1;MYO1E;WWOX;LRRK2;DAG1
prerank,vesicle (GO:0031982),0.2301350786146192,0.9599146751066253,0.6122448979591837,0.9849365017969669,1.0,76/224,31.58%,ATP1A1;VPS26A;KIF5B;RHOA;RAB11A;CETP;PKM;ATP1A2;ARRDC4;CLIC1;DPP7;CLTC;PRRT2;TKT;SLC28A2;GRIA4;SDCBP;ABCA13;TUBB4B;APOA1;GDI2;PCMT1;ATP1A3;VTI1B;SYT11;STX10;GPRC5C;MYO1H;IBSP;DNAJC3;MUC4;MYO5A;VAPA;MYO7B;PPIA;IFT172;NOS3;PDCD6IP;EPS8L2;SLC39A12;GAPDH;SNX1;PLA2G4F;PICALM;SLC11A2;GNAI2;KIF9;TSPAN1;MYO1E;MVB12B;STOM;SLC5A1;UBC;CD59;MVB12A;CSH2;RAB3A;HSPA1B;RAB3C;CSH1;ANXA2;CALM1;TYRP1;NOS1;GPRC5A;CYB561D2;SNAP25;FBLN2;SLC4A11;RBP3;KCNN4;RIPOR1;AP3B2;RIPK2;YWHAZ;ACTB
prerank,spindle (GO:0005819),0.2309204648370509,0.9598198800165282,0.625,0.9761424258880654,1.0,37/186,17.68%,KATNA1;NUSAP1;WAPL;PKHD1;KATNB1;CUL3;RMDN3;WRAP73;CLTC;KIF20A;CSPP1;KIF22;MAD1L1;NUMA1;MAD2L2;CLASP2;KNSTRN;NUP62;KATNBL1;CBX1;TPPP;PHLPP2;SPICE1;NEDD9;PPP2R3C;CTDP1;TOGARAM1;TRAT1;PRC1;CDC16;CDC14B;AAAS;CDC14C;MAPRE1;NGRN;EFHC1;MAPK1
prerank,ficolin-1-rich granule (GO:0101002),0.23331899128486183,0.9524596647072293,0.5918367346938775,0.9909723431538618,1.0,83/183,40.48%,ATP6V0C;CTSD;RHOA;ATP6V0A1;PKM;GLB1;ATP6AP2;PSMD6;CTSH;COMMD3;ACTR1B;FGL2;MAPK14;SLC2A3;PLEKHO2;FPR2;CD55;PSMB1;GYG1;CTSS;PRG2;DYNLT1;ARPC5;MGAM;ALOX5;PPIA;LAMTOR1;YPEL5;SERPINB6;CAT;PAFAH1B2;MAPK1;CSTB;TRPM2;SIGLEC14;PDAP1;KCMF1;APAF1;CALML5;ACTR2;ILF2;LAMP2;NCKAP1L;MNDA;HSPA1B;CRISPLD2;DSC1;QPCT;PYGL;ARL8A;OSTF1;ALDOA;VCP;UBR4;TNFAIP6;GSN;TBC1D10C;ATAD3B;ASAH1;FCN1;PKP1;MIF;PNP;LILRB2;DOK3;HSPA6;CCT8;COTL1;HSPA8;FTH1;CR1;GAA;PSMD12;DERA;TCIRG1;CLEC4C;LILRA3;CAB39;PSMD11;PTPRN2;LGALS3;PSMD13;ALAD
prerank,multivesicular body (GO:0005771),0.2836511951719023,0.9490906587981115,0.6025641025641025,0.9923265229262782,1.0,7/46,11.33%,RAB11A;CHMP6;CHMP4A;CTSH;TSG101;CHMP1B;CTSL
prerank,pigment granule (GO:0048770),0.3152189083540894,0.9443030424002228,0.5616438356164384,0.9984070934121491,1.0,10/24,27.57%,RAB9A;GCHFR;RAB17;MLANA;MYO5A;TMEM33;RAB27B;HPS4;MFSD12;TYRP1
prerank,mitotic spindle (GO:0072686),0.23879419171812133,0.9435961508947058,0.6170212765957447,0.9924584387144532,1.0,24/117,17.68%,NUSAP1;WAPL;PKHD1;CUL3;WRAP73;CLTC;KIF22;MAD1L1;NUMA1;CLASP2;KNSTRN;NUP62;KATNBL1;TPPP;PHLPP2;TOGARAM1;TRAT1;CDC16;CDC14B;AAAS;CDC14C;NGRN;EFHC1;MAPK1
prerank,COPII-coated ER to Golgi transport vesicle (GO:0030134),-0.20646352909012727,-0.9427073155729594,0.5555555555555556,0.7746841755319149,1.0,11/76,11.00%,SEC22B;USO1;STX5;GOSR2;PITPNM3;HLA-B;SEC24B;CD74;SEC31A;HLA-DRB1;YIF1B
prerank,Golgi lumen (GO:0005796),0.23497356927426388,0.9309360589194198,0.6344086021505376,1.0,1.0,34/98,34.60%,DEFA1;PROC;HS3ST1;WNT7A;DEFA5;MUC15;INS;WNT6;VCAN;MUC4;TGFB1;SDC1;WNT1;DEFB1;DEFB103A;PROS1;F9;CSPG5;FGF23;F10;DAG1;GPC1;MUC6;AGRN;MMP14;FURIN;F8;WNT4;GPC4;PCSK5;MUC1;WNT3A;FMOD;MMP11
prerank,cyclin-dependent protein kinase holoenzyme complex (GO:0000307),0.2960912252673133,0.9308098394799322,0.5476190476190477,1.0,1.0,10/29,28.44%,CKS1B;CCNG1;CDK12;CCND1;CCNB2;CCNI2;CCND2;CDK2;CDK6;CCNA2
prerank,microtubule cytoskeleton (GO:0015630),0.22175778319247968,0.9307797432102378,0.71,1.0,1.0,117/315,35.73%,KIF5B;KATNA1;LYST;KATNB1;PPP2CA;MAP7;CCDC66;CLTC;KIF20A;NISCH;TUBB3;CSPP1;DNM1;KIF22;TUBGCP4;MAD1L1;MAP1A;NUMA1;MAD2L2;CEP57;CLASP2;ACTR1B;MACF1;SPEF1;DBT;TUBB4B;KIF13A;CBX1;TPPP;SPICE1;PRKCI;TUBD1;DNM1L;NEDD9;PPP2R3C;CTDP1;HYPK;TOGARAM1;PRC1;CHP1;KIF15;JAKMIP2;KIF27;TUBB2B;KIF12;OFD1;ADCY10;TUBE1;TBCD;CDH26;KIF5C;KIF20B;MAPRE1;DST;CLIP1;KIF7;GAPDH;NUAK1;TPPP3;KIF13B;PIK3R4;KIF9;MTUS1;KIF3A;AKNA;FER;OVGP1;CCT3;MAP7D1;APC;SRA1;TUBA1B;CCNB2;MAEA;APC2;KIF17;KIF23;KANK4;TMEM9;IFT43;KIF3B;ARL2;BAG2;RUSC1;CDC42EP2;KIF16B;TUBA4A;RASSF1;NDRG1;MID2;POLB;SPRY2;KIF1B;MMS19;EFHC2;KIF21B;FGF13;TUBB4A;TUBAL3;DCDC2;ARL3;DCDC2B;TCP11L1;SKA1;TUBA3E;KIF2B;FHDC1;PPP1R42;GAS8;PSRC1;TPX2;CCSAP;TTK;THAP6;CCT8;DISC1;MAP2K2
prerank,neuromuscular junction (GO:0031594),-0.20786340688437052,-0.9290737733447268,0.5333333333333333,0.799099392361111,1.0,4/38,5.74%,SLC8A3;SYNC;CHRNE;ANK3
prerank,RNA polymerase III complex (GO:0005666),0.32848462592404953,0.9261802988289607,0.5833333333333334,1.0,1.0,7/18,20.05%,POLR2F;POLR3E;POLR3GL;POLR3A;POLR3C;POLR2L;POLR3K
prerank,integral component of organelle membrane (GO:0031301),0.2235993574197664,0.9244943710895883,0.6363636363636364,1.0,1.0,59/209,24.56%,SLC35A2;EMC7;QSOX2;DERL3;ENTPD4;PEX3;EMC3;UBXN8;TMEM70;DHRS9;EMC4;DOLPP1;FITM1;DOLK;DGAT2;EDEM1;P2RX2;FKTN;PEX12;DHCR7;SCD;XXYLT1;STX6;DNAJB12;STX10;OXA1L;QSOX1;SPCS1;ERN1;TRAM1L1;FAR2;ATF6;SLC37A2;PIGT;DPM3;FICD;MFF;RER1;SLC22A17;ELOVL2;RRBP1;TMEM33;TMEM43;ANKLE2;TRAM2;ERGIC3;FIS1;TAP2;SLC17A8;MBOAT4;RNF152;RETREG1;PEX11A;TRABD2A;PCSK7;MMGT1;SLC35A5;DCSTAMP;EMC1
prerank,bicellular tight junction (GO:0005923),0.2495677052592175,0.9240870543922102,0.5697674418604651,0.996583477521335,1.0,21/78,25.52%,CLDN23;BVES;CLDN6;JAML;EPPK1;OCLN;TJP1;CLDN34;CLDN5;CLDN3;TBCD;VAPA;PARD3;SH3BP1;PARD6B;APC;CLDN15;FRMD4A;MICALL2;CLDN10;CLDN20
prerank,cell projection membrane (GO:0031253),0.23736050851144694,0.9206514566543998,0.6276595744680851,0.998151097342816,1.0,39/91,42.24%,SLC28A1;SLC28A2;FSCN3;B4GALT1;SLC7A8;FSCN1;CUBN;SLC11A2;SCNN1A;DMD;PODXL;ABCG2;TCTN2;ASAP1;PALM;ANTXR1;DRD2;SLC5A1;SYNE2;SLC7A5;BBS4;TMEM231;TBC1D10C;ITGB3;GNA13;MOSMO;CNGA2;GPR157;ITGA3;CNGB1;SLC26A6;ITGAV;ARL13A;SLC28A3;TMEM67;CASK;SHANK2;ATP6V0A4;GPR161
prerank,endocytic vesicle membrane (GO:0030666),0.21785970491270587,0.8984287528187089,0.711340206185567,1.0,1.0,30/155,19.64%,ATP6V0B;ATP6V0C;ATP6V0D1;RAB7A;ATP6V0A1;IGF2R;CLTC;M6PR;ATG12;PIKFYVE;HVCN1;PIK3C3;HLA-F;GRIA4;WNT7A;MSR1;TAPBP;CAV1;FZD4;WNT6;HLA-DRB5;KIAA0319;SCARB2;DMBT1;NOS3;IL7R;PIK3R4;WNT1;ATP6V0E1;TAP2
prerank,clathrin coat (GO:0030118),-0.30456538458412885,-0.8961165499920541,0.5652173913043478,0.876062925170068,1.0,6/15,15.98%,AP2B1;EPN2;NECAP2;SYNJ1;CLTB;KCNQ5
prerank,Golgi membrane (GO:0000139),0.209938902346003,0.8948478236252302,0.8,1.0,1.0,101/461,18.14%,SLC35A2;GNPTAB;GOLGA8S;GOLGA8F;GOLGA8H;C1GALT1C1;SLC30A6;GOLGA8T;GOLGA6C;ENTPD4;GOLGA8O;GOLGA8N;RAB9A;SCAMP5;CABP1;IGF2R;TRIP11;GOLGA6A;GOLGA8R;AP4E1;CLTC;SLC24A5;M6PR;SCAMP2;RIC1;CHSY3;PIKFYVE;GOLGA8A;IL17RD;CHST2;GCNT3;NOTCH3;GOLGA6B;HLA-F;ZDHHC19;GALNT14;GOLGA8K;CHPF2;WHAMM;RAB6A;MAN2A2;GPSM1;GOLGB1;FUT7;GNAI3;B4GALT1;KIF13A;VPS45;TAPBP;GALNT15;AFTPH;STX6;CAV1;B4GALT5;CHPT1;RGP1;STX10;SLC35C1;PTGES2;BAIAP3;CD55;B3GNT3;TMED3;QSOX1;FUT8;FUT3;GALNT4;XYLT1;CHP1;AP1M1;RAB31;MGAT4A;INS;ST8SIA2;GALNT10;HLA-DRB5;RAB8A;ATF6;SREBF2;FUT9;SCARB2;LDLRAD4;MALL;PI4KB;KRAS;CYTH4;FUT5;NOS3;TMEM87A;EBAG9;ST8SIA6;TPST2;RAB26;VAC14;GOLGA8M;HS3ST2;CHST3;PYCARD;B3GAT2;CHST13;GOLGA5
prerank,basement membrane (GO:0005604),0.2554357768920319,0.8905816457381714,0.6511627906976745,1.0,1.0,15/52,23.00%,TMEFF1;P3H2;EGFLAM;APLP1;FBN1;ATRN;LOXL2;DST;NTN3;LAMA3;ATRNL1;SMOC2;DAG1;LAMC1;MEGF9
prerank,Cul3-RING ubiquitin ligase complex (GO:0031463),-0.2146029706172847,-0.8878325573301351,0.6666666666666666,0.880546875,1.0,12/36,19.45%,KLHL3;KLHL2;GAN;KCTD2;KLHL7;KLHL24;LZTR1;KLHL13;KLHL9;KBTBD6;RBX1;SPOPL
prerank,intrinsic component of synaptic vesicle membrane (GO:0098563),-0.23008996455972902,-0.8861776282747605,0.6363636363636364,0.8672640931372548,1.0,5/17,13.60%,SLC17A7;SYP;PTPRS;SLC17A6;ATP2B1
prerank,plasma membrane raft (GO:0044853),0.2223135789520955,0.8837471850967586,0.6526315789473685,1.0,1.0,19/81,21.78%,CHRNA7;CHRNB2;BVES;CHRNA3;ADD2;AKAP6;PRTN3;CAV1;PACSIN2;KCNMA1;INSR;ADTRP;KCND2;NOS3;CAV2;MAPK1;CAVIN4;NOS1AP;ATP2B4
prerank,tight junction (GO:0070160),0.23221204177479096,0.8802263171991888,0.6436781609195402,1.0,1.0,34/85,38.99%,CLDN23;BVES;CLDN6;JAML;EPPK1;OCLN;TJP1;CLDN34;AFDN;CLDN5;CLDN3;TBCD;VAPA;PARD3;SH3BP1;PARD6B;APC;CLDN15;FRMD4A;MICALL2;CLDN10;CLDN20;FRMD4B;ACTB;MARVELD2;RAPGEF2;WNK4;CLDN1;MPP7;UBN1;JAM3;CLDN14;CLDN24;WNK3
prerank,cytoplasmic side of plasma membrane (GO:0009898),-0.20163857027630305,-0.8794413515212883,0.8461538461538461,0.8639322916666666,1.0,18/55,21.00%,AKAP5;PKP4;SPTB;PGM5;LDLRAP1;DIABLO;JUP;GNB1L;BIRC2;CHMP4C;CHMP4B;RASA3;MIEN1;SPTA1;PTPN7;FRMD1;PTPN4;IKBKB
prerank,9+2 motile cilium (GO:0097729),0.2636890088252304,0.8786100582444163,0.7441860465116279,1.0,1.0,9/52,12.25%,ATP1A1;CUL3;ATP1B3;SPEF1;DNAH5;DNAH1;CST11;LYZL4;TCP11
prerank,actin cytoskeleton (GO:0015629),0.20626274216750365,0.8767861070580455,0.7878787878787878,1.0,1.0,68/310,20.56%,CENPQ;KLHL20;FSCN2;SIPA1L1;ABLIM3;ACTN2;TPM1;DSTN;CAPZA2;NOTCH3;KALRN;HAP1;PDXP;FSCN3;MACF1;TSC1;TRPV4;ZYX;ARHGAP6;IQGAP2;SVIL;WAS;PSTPIP1;NEURL1B;CORIN;CARMIL2;MSRB1;CDH2;CCIN;KLHL17;HAX1;SAMD14;MYO1H;SHROOM1;CLDN5;CORO1A;FSCN1;ARPC5;PARVB;MYO5A;CDH1;MYOZ1;CDC42EP3;MYO7B;FILIP1;PDLIM5;SPPL2B;LLGL2;ARSJ;PLS1;USH1G;DDR2;DNAJA3;AFAP1;MARCKS;MYL2;KIF9;COBL;PAWR;CD2AP;ACTC1;FGR;MYO1E;FER;CNN3;SMTN;ASAP1;TMEM63B
prerank,cortical actin cytoskeleton (GO:0030864),-0.21451742414343936,-0.8712410979871151,0.6470588235294118,0.867433176100629,1.0,12/42,17.32%,LLGL1;MOBP;FLOT2;SLC2A1;MYO1A;SHROOM2;MLPH;FLOT1;LANCL2;SHROOM3;CTTN;DBN1
prerank,dense core granule (GO:0031045),0.3049529598337116,0.870540029513383,0.6623376623376623,1.0,1.0,11/16,43.29%,BAIAP3;NPY;MYRIP;SYT1;SYT4;KIF1A;SYT9;SLC6A5;SPX;SYT5;SYT8
prerank,endocytic vesicle (GO:0030139),0.21023354930479263,0.8684888499836925,0.7708333333333334,1.0,1.0,39/186,21.26%,VPS11;RAB11A;RAB7A;RAB9A;IGF2R;CLTC;SRGAP2;CEMIP;EHD4;DAB2IP;GRIA4;RAPGEF6;WNT7A;RAB11FIP3;HEATR5A;MSR1;APOA1;CAV1;RAB5B;SYT11;RAB17;CTSL;CTSS;RAB31;WNT6;HLA-DRB5;CORO1A;RAB8A;SCARB2;RAB11B;NOS3;CUBN;PICALM;AVPR1A;RAB9B;WNT1;MYO1E;LPAR1;ITGB5
prerank,platelet alpha granule lumen (GO:0031093),-0.18539741074345636,-0.8666405348998644,0.8125,0.8620273919753086,1.0,15/65,16.14%,PDGFA;TGFB3;FN1;VEGFC;TGFB2;SERPINA3;MMRN1;OLA1;IGF1;CFD;SERPINF2;FERMT3;ISLR;HGF;APP
prerank,nuclear chromosome (GO:0000228),0.23600670093378662,0.8621074143587869,0.6853932584269663,1.0,1.0,13/75,15.95%,SMC1A;BLM;MCM6;ZNHIT1;ANP32E;ACTR8;RAD51;ING3;MCM3;ACTR5;NFRKB;GINS4;SMARCE1
prerank,asymmetric synapse (GO:0032279),0.2154690132920051,0.8569952220825668,0.7789473684210526,1.0,1.0,25/131,16.95%,USP8;CABP1;SIPA1L1;CHRNA3;SRGAP2;DNM1;SHISA9;NTRK2;HIP1R;HOMER1;ADD2;NEURL1;USP50;SYT11;SCRIB;CPEB4;CDH2;SAMD14;TSC2;ADD3;PRNP;KCND2;PDLIM5;SLC1A1;SIGMAR1
prerank,U1 snRNP (GO:0005685),0.2990824915040891,0.853259053407813,0.6875,1.0,1.0,7/18,26.04%,SNRPD2;LUC7L2;LUC7L3;SNRPC;SNRPD3;PRPF39;SNRPB2
prerank,clathrin-coated vesicle membrane (GO:0030665),-0.16780432759326092,-0.8515623884093498,0.875,0.877438446969697,1.0,15/88,11.41%,AP2A1;AP2A2;SLC17A7;AP2B1;EPN2;AP2S1;AP2M1;NECAP2;LDLRAP1;CD74;TF;CFTR;AVP;HLA-DRB1;CLTB
prerank,basolateral plasma membrane (GO:0016323),0.2086306153453285,0.8515119608083106,0.7731958762886598,1.0,1.0,21/151,11.13%,ATP1A1;SLC12A6;SLC29A1;RHBG;DISP1;ATP1B3;SLC4A7;NDRG4;ANK1;SLC16A1;SPEF1;B4GALT1;CALHM1;SLC7A8;CDH17;NAIP;SCRIB;SLC22A7;RAB17;ADRA2A;TJP1
prerank,postsynaptic density (GO:0014069),0.2096795988276291,0.8476175517816833,0.7894736842105263,1.0,1.0,24/136,15.74%,USP8;CABP1;SIPA1L1;CHRNA3;SRGAP2;DNM1;SHISA9;NTRK2;HIP1R;GRM5;HOMER1;ADD2;NEURL1;USP50;SYT11;SCRIB;CPEB4;CDH2;SAMD14;TSC2;ADD3;PRNP;KCND2;PDLIM5
prerank,sodium channel complex (GO:0034706),0.28366248910318376,0.8469812687756163,0.6486486486486487,1.0,1.0,10/25,34.66%,SCNN1G;CACNA1H;CACNA1I;SCNN1B;SCNN1A;SCN2B;CACNA1G;SCN10A;SCN4A;SCN2A
prerank,ficolin-1-rich granule lumen (GO:1904813),0.21552892740531024,0.8465778554217382,0.7634408602150538,1.0,1.0,48/123,36.29%,CTSD;PKM;GLB1;PSMD6;CTSH;COMMD3;ACTR1B;FGL2;MAPK14;PLEKHO2;PSMB1;GYG1;CTSS;PRG2;DYNLT1;ARPC5;ALOX5;PPIA;YPEL5;CAT;PAFAH1B2;MAPK1;CSTB;PDAP1;KCMF1;APAF1;CALML5;ACTR2;ILF2;MNDA;HSPA1B;CRISPLD2;QPCT;PYGL;OSTF1;ALDOA;VCP;TNFAIP6;GSN;ASAH1;FCN1;MIF;PNP;HSPA6;CCT8;COTL1;HSPA8;FTH1
prerank,"RNA polymerase II, core complex (GO:0005665)",0.3169594095082614,0.8441611275859706,0.704225352112676,1.0,1.0,5/15,18.60%,POLR2I;POLR2F;POLR2M;POLR2D;POLR2L
prerank,Golgi-associated vesicle membrane (GO:0030660),0.27128273873504327,0.8399449863127089,0.7441860465116279,1.0,1.0,14/24,42.45%,SPPL2A;TMEM199;SPPL2B;PI4KA;CSPG5;KDELR2;CNGA2;CNGB1;KDELR1;GOPC;ZDHHC17;RASSF9;ZDHHC13;KDELR3
prerank,nuclear inner membrane (GO:0005637),0.268458914368474,0.8395285673017391,0.7692307692307693,1.0,1.0,3/27,5.27%,SMAD3;PTGS2;ARL6IP6
prerank,tertiary granule membrane (GO:0070821),0.22586850766105002,0.8389597153328675,0.7362637362637363,1.0,1.0,24/73,30.56%,ATP6V0C;ATP6AP2;GPR84;SLC2A3;FPR2;ATP8B4;CHRNB4;ATP11A;MGAM;SERPINB6;CEACAM1;TRPM2;SIGLEC14;STOM;LAMTOR2;CD59;MCEMP1;HGSNAT;SNAP25;SVIP;SNAP23;UBR4;CYBA;ITGAM
prerank,motile cilium (GO:0031514),0.2368702134028146,0.8380575819777022,0.7386363636363636,1.0,1.0,21/62,31.90%,ROPN1L;SPEF1;DNAH5;MKKS;SORD;OFD1;ADCY10;SCNN1A;IFT52;DRC7;IFT46;MNS1;OXCT2;CFAP206;CAMSAP3;IFT81;RSPH9;BBS4;TSSK1B;CFAP20;CFAP61
prerank,nuclear outer membrane (GO:0005640),0.31413157463203284,0.8380292553022203,0.6883116883116883,1.0,1.0,3/15,8.42%,PTGS2;DHCR7;LTC4S
prerank,aggresome (GO:0016235),-0.20408345173416037,-0.8378879043744516,0.8235294117647058,0.8910900297619047,1.0,6/35,10.27%,URB2;EEF2;TRIM66;XRN2;DVL2;RANGAP1
prerank,potassium channel complex (GO:0034705),-0.16001443479519017,-0.8335450052082504,0.7333333333333333,0.8840688961988304,1.0,13/80,11.85%,KCNN1;KCNAB3;KCNIP2;KCNIP4;KCNA4;KCNH4;KCNIP1;KCND3;KCNK1;KCNE5;KCNJ5;KCNB2;KCNG2
prerank,secondary lysosome (GO:0005767),0.3036032802563839,0.8323449897652095,0.7142857142857143,1.0,1.0,6/16,24.27%,PIK3C3;MAP1LC3A;PLA2G5;LRRK2;LAMP2;SQSTM1
prerank,cytoplasmic dynein complex (GO:0005868),-0.259337551577547,-0.8311472139509247,0.6410256410256411,0.8711610991379309,1.0,5/16,11.18%,DYNLRB1;NUDCD3;DYNLL1;DYNC1I2;DYNC1LI1
prerank,dendrite (GO:0030425),0.1997373182322777,0.8278718065178801,0.92,1.0,1.0,40/268,13.66%,GABRA5;SPG11;GSK3B;GCHFR;CHRM5;CHRNA4;OR10H4;CHRNA3;TUBB3;INPP5A;KPNA1;NTRK2;MAP1A;NF1;MAGEE1;HIP1R;HAP1;HTR1E;HOMER1;NEURL1;BNIP3;OR10H5;PNOC;SYT11;INSR;RAB17;HTR1F;OR11H7;CPEB4;BSN;CCIN;KLHL17;SAMD14;RELN;ATCAY;CHRM4;FZD4;HTR2C;COMT;THY1
prerank,COPII vesicle coat (GO:0030127),-0.26633018082030674,-0.82134639300949,0.7878787878787878,0.8779131355932204,1.0,15/15,73.39%,SEC24B;SEC31A;SAR1B;TMED7;SEC24D;KLHL12;PDCD6;SEC24A;SEC13;SEC23B;SEC31B;SEC23A;PEF1;SEC24C;SAR1A
prerank,organelle inner membrane (GO:0019866),-0.1263769576930267,-0.8183315902788322,1.0,0.8686414930555556,1.0,78/332,19.90%,UNC50;MRPL39;NDUFB11;SHMT2;SPG7;SUN5;TIMM22;COQ5;TIMM23;MRPL34;TIMM10B;EXOG;MRPL28;CYP2E1;SLC25A11;NDUFV2;MRPS10;CPT2;MRPL43;MRPL52;NDUFA1;PLSCR3;MRPS33;UQCC1;MRPS11;MRPL50;MTFP1;GCAT;MRPL23;BCS1L;PLA2G4A;MRPL16;CBX3;NDUFA13;TM7SF2;NDUFA3;MRPL44;ATP5F1C;MRPS31;RDH13;MTG1;MRPS15;CYC1;TTC19;SLC25A22;ACAD11;UQCR10;MRPL19;TIMMDC1;SLC25A5;CHCHD1;SIRT1;UCP3;MRPL45;MRPL18;CDS2;MRPS2;UCP2;MRPS7;MRPL53;NME4;MFSD10;MRPL42;EMD;IFI6;L2HGDH;MRPL9;NDUFS3;SLC25A16;SLC25A19;TIMM50;DHRS13;MRPL57;MRPS22;RPS3;COX6B1;CYP11B2;TMEM126B
prerank,microvillus (GO:0005902),0.22686842967669776,0.8171412344046707,0.797752808988764,1.0,1.0,24/56,38.09%,ESPN;FSCN3;SPEF1;CLRN1;SLC7A8;MYO1H;FSCN1;TGFB1;MYO7B;SLC27A4;PODXL;MYO1E;WWOX;LRRK2;SLC7A5;VIL1;RDX;ITGB3;PROM1;ANGPT1;JAM3;ITGAV;SPN;ATP6V1B1
prerank,integral component of mitochondrial inner membrane (GO:0031305),0.2419394319998746,0.8111870806800572,0.7857142857142857,1.0,1.0,16/48,30.83%,CCDC51;DNAJC11;OXA1L;MPC1L;MCUR1;MTX1;CHCHD6;APOO;HSPA9;CHCHD10;SFXN3;SLC25A3;SFXN1;ETFDH;MTX2;SFXN5
prerank,voltage-gated sodium channel complex (GO:0001518),0.29133369638843243,0.8074494455625338,0.6756756756756757,1.0,1.0,7/17,34.66%,CACNA1H;CACNA1I;SCN2B;CACNA1G;SCN10A;SCN4A;SCN2A
prerank,clathrin-coated endocytic vesicle membrane (GO:0030669),-0.1661154498671633,-0.8055138112474574,0.9285714285714286,0.878265881147541,1.0,11/67,10.62%,AP2A1;AP2A2;AP2B1;AP2S1;AP2M1;LDLRAP1;CD74;TF;CFTR;AVP;HLA-DRB1
prerank,dendrite membrane (GO:0032590),0.2424751048915009,0.8053955474589964,0.7045454545454546,1.0,1.0,4/29,13.66%,GABRA5;SHISA9;INSR;THY1
prerank,endosome lumen (GO:0031904),0.25191135771466866,0.7990865259290104,0.7625,1.0,1.0,10/26,34.83%,AP4E1;CTSL;CTSS;INS;PRL;CSH1;JAK2;CTSK;PDLIM4;LGMN
prerank,exocytic vesicle membrane (GO:0099501),0.22207052379956477,0.7979831002077115,0.813953488372093,1.0,1.0,11/41,27.86%,BORCS5;MCTP2;UNC13C;SV2C;SYNGR2;SV2B;SLC17A8;SYPL1;MCTP1;SYT1;CLTA
prerank,synaptic vesicle membrane (GO:0030672),0.22207052379956477,0.7979831002077115,0.813953488372093,1.0,1.0,11/41,27.86%,BORCS5;MCTP2;UNC13C;SV2C;SYNGR2;SV2B;SLC17A8;SYPL1;MCTP1;SYT1;CLTA
prerank,anaphase-promoting complex (GO:0005680),0.2769839061605228,0.7894024462744369,0.7948717948717948,1.0,1.0,5/19,22.22%,CDC16;CUL7;ANAPC13;UBE2C;ANAPC11
prerank,actin filament (GO:0005884),0.21536326154686247,0.7875401011808494,0.8131868131868132,1.0,1.0,34/72,44.31%,ACTN2;TPM1;TSC1;ARHGAP6;WAS;PSTPIP1;CORO1A;MYO5A;PLS1;DNAJA3;COBL;PAWR;ACTC1;APC2;HCK;WIPF3;PAK1;ACTB;ACTA1;TPM4;PLS3;LCP1;COTL1;MARK2;HCLS1;MYO9B;TWF1;ACTN3;GAS2L1;IQGAP1;WIPF1;TWF2;DMTN;ACKR2
prerank,mitochondrial membrane (GO:0031966),0.18024487643398088,0.784214970303963,0.95,1.0,1.0,115/446,29.03%,UQCRC2;VDAC1;UQCRFS1;BAK1;PRODH;NDUFS4;DHODH;MPV17L2;RMDN3;TYMS;MRS2;MPV17;ABCB7;DNM1;BMF;TOMM34;MIEF1;SLC25A14;BPHL;TAMM41;GPAM;TOMM70;HSD3B1;CYB5B;SLC44A1;NDUFC2;BNIP3;HK2;MYOC;BCL2L10;UQCC2;NDUFV3;SPART;AGPAT4;CYP24A1;VPS13C;DNM1L;MRPS30;PPOX;CYB5A;OXA1L;HAX1;ATCAY;COX5A;BAX;RAF1;TMEM14A;ENDOG;SDHC;MRPL46;MRPS24;SLC25A20;IFI27L2;KRAS;QTRT2;MFF;MRPL10;COX7A2L;NGRN;PGAM5;LYRM7;ATF2;CKMT2;CHCHD6;MRPL54;TMBIM6;ACAD9;TRAP1;BCL2L1;DNAJC30;MRPL15;ACSL4;CISD2;TOMM6;EFHD1;FAM210B;LRRK2;MRPL27;LDHB;COX20;MRPL36;COX5B;KMO;UBC;BOK;CYP1A1;NDUFA2;CYB5R3;ACSL3;RHOT1;HSD3B2;COX8A;MRPL11;TIMM13;UCP1;FATE1;TIMM10;TMEM14B;PLA2G4B;MRPS16;SLC25A12;SLC9B2;CLU;SLC25A3;MRPL2;OPA1;PGS1;MICU1;SQOR;MAVS;ETFDH;SLC25A21;ABCB8;NDUFA7;MRPS35
prerank,clathrin-coated endocytic vesicle (GO:0045334),-0.15762298248817208,-0.7767238793038205,1.0,0.9039608534946235,1.0,20/83,17.10%,AP2A1;AP2A2;AP2B1;AP2S1;AP2M1;LDLRAP1;CD74;TF;DVL2;CFTR;AVP;SFTPB;HLA-DRB1;CLTB;MYO6;CLTCL1;APOE;CD207;CD4;LRP2
prerank,axon (GO:0030424),0.18155173615471473,0.7744741236509689,0.9183673469387755,1.0,1.0,68/203,37.63%,RAB11A;NPTN;PTPRO;SPG11;ALDH1A1;GSK3B;MAP7;TUBB3;DNM1;NTRK2;MAP1A;DAB2IP;NF1;NTRK3;ATP1A3;SYT11;INSR;CNTN2;BSN;ATCAY;GRM2;COMT;SLC1A1;C4A;PRSS12;KIF13B;CPNE6;NEFM;COBL;CD2AP;DRD2;NEXN;LRRK2;RAB3A;SYT13;BAG2;VSTM2L;SYT1;TH;SCN10A;PAK1;ZFYVE27;OMP;KIF1B;IGHMBP2;CTNNA2;ACTB;FGF13;SYT4;INSRR;MAP9;SCN4A;KCNA3;ACADM;SCN2A;EPHA4;RAB5A;PINK1;CCSAP;DYRK1A;MME;CNTN4;KIF1A;CNTF;VSTM5;OLFM1;CNTNAP2;DNM2
prerank,caveola (GO:0005901),0.20400723492953457,0.7712129116525337,0.898876404494382,1.0,1.0,20/59,30.89%,BVES;AKAP6;CAV1;PACSIN2;KCNMA1;INSR;CDH1;ADTRP;NOS3;CAV2;MAPK1;CAVIN4;NOS1AP;ATP2B4;LRRK2;HCK;JAK2;KCNA5;BMPR1A;MAPK3
prerank,platelet alpha granule (GO:0031091),0.1941363787906918,0.7662117864333814,0.875,1.0,1.0,31/88,34.67%,VPS33B;ITGA2B;ACTN2;TOR4A;PHACTR2;VTI1B;QSOX1;THBS1;TGFB1;PLG;LY6G6F;CYB5R1;PECAM1;TEX264;PROS1;SYTL4;NHLRC2;HRG;TIMP1;CLU;VEGFA;STXBP3;STXBP1;SERPINA5;F8;ALDOA;KNG1;ITGB3;SRGN;EGF;SCCPDH
prerank,endocytic vesicle lumen (GO:0071682),0.2670167736905309,0.7653844612340744,0.8055555555555556,1.0,1.0,3/21,11.33%,HGS;APOA1;CTSL
prerank,desmosome (GO:0030057),-0.22991062723210223,-0.7632825055428079,0.76,0.9089575066137566,1.0,4/17,10.61%,PKP4;DSG4;JUP;KLHL24
prerank,myofibril (GO:0030016),0.244080142062494,0.7632387800264278,0.8666666666666667,1.0,1.0,6/27,21.06%,TMOD2;TNNI3;MYH6;MYBPC3;MYL2;MYL1
prerank,cytoplasmic vesicle lumen (GO:0060205),0.19093710895211108,0.7544577756708848,0.845360824742268,1.0,1.0,35/115,30.00%,PKM;PSMD6;CTSH;SERPINB1;ACTR1B;APOA1;MAPK14;GDI2;EPX;DEFA5;PSMB1;GYG1;INS;DYNLT1;ARPC5;ALOX5;PPIA;CAT;PCSK1;PAFAH1B2;PYCARD;CSTB;DBH;FGR;CYFIP1;APAF1;ROCK1;GRP;CRISPLD2;PYGL;OSTF1;S100A8;ALDOA;VCP;GSN
prerank,cell-cell junction (GO:0005911),0.17772008992470167,0.7537559017131072,0.9797979797979798,1.0,1.0,86/267,37.17%,RHOA;CDCA3;COL17A1;IGSF21;PDLIM1;SDCBP;CDC42BPB;CDH12;MAGI1;TRPV4;B4GALT1;ZYX;KRT18;AQP7;OCLN;KIRREL2;SCRIB;CDH2;CDH9;TJP1;EPB41L3;AFDN;SHROOM1;GJA5;CLDN5;FSCN1;DSG2;WTIP;CDH18;CDH1;CLDN3;CTNNA3;HMCN1;PDLIM5;CEACAM1;GJA4;PARD3;PECAM1;MYO1E;CNN3;SH3BP1;FRMD5;APC;CCDC85A;SORBS1;PDLIM7;MAPK15;FRMD4A;MICALL2;TIAM1;CLDN20;DSG3;DSC1;VEGFA;ADGRB1;AHI1;SDCCAG8;ANXA2;NPHS1;FGFRL1;NDRG1;CNN2;PAK1;FRMD4B;SNAP23;NECTIN4;CTNNA2;ADD1;ACTB;ITGB3;PCDH1;CADM4;RAPGEF2;PKP1;IGSF11;CLDN1;MPP7;PDLIM4;CCDC85B;MAP2K2;FGFR4;STX3;S100A11;JAM3;PKP2;CDSN
prerank,intrinsic component of mitochondrial outer membrane (GO:0031306),0.2534909067889085,0.7482528000735886,0.7536231884057971,1.0,1.0,6/23,23.88%,BAK1;BNIP3;GDAP1;MFF;FIS1;RHOT1
prerank,ciliary membrane (GO:0060170),0.2295394262147276,0.7471118942365078,0.875,1.0,1.0,14/30,42.24%,SCNN1A;TCTN2;DRD2;BBS4;TMEM231;MOSMO;CNGA2;GPR157;CNGB1;ARL13A;TMEM67;CASK;SHANK2;GPR161
prerank,AMPA glutamate receptor complex (GO:0032281),0.24740553041213165,0.7451722464105371,0.8148148148148148,1.0,1.0,3/20,11.70%,SHISA9;GRIA4;OLFM2
prerank,acrosomal vesicle (GO:0001669),0.2189834449890236,0.7366891537325133,0.8764044943820225,1.0,1.0,10/47,18.91%,SPESP1;LYZL4;SPAM1;LY6K;TCP11;CATSPER3;PLA2G10;SCNN1A;KNL1;HYAL3
prerank,sperm flagellum (GO:0036126),0.21845009691128256,0.7326608490166101,0.8555555555555555,1.0,1.0,7/48,12.25%,ATP1A1;CUL3;ATP1B3;DNAH1;CST11;LYZL4;TCP11
prerank,integral component of mitochondrial outer membrane (GO:0031307),0.25598888610557013,0.7294531077203428,0.7878787878787878,1.0,1.0,6/22,23.88%,BAK1;BNIP3;GDAP1;MFF;FIS1;RHOT1
prerank,Golgi-associated vesicle (GO:0005798),0.20832790243656135,0.7245291758257915,0.896551724137931,1.0,1.0,22/47,37.93%,IGF2R;CCDC115;SPG21;SPPL2A;OCRL;RAB8A;SPPL2B;PI4KA;CSPG5;LRRK2;TGOLN2;RAB27B;FURIN;TMED10;AP1G2;TMED2;CNGA2;CNGB1;MAP6D1;TYR;GOPC;ZDHHC17
prerank,smooth endoplasmic reticulum (GO:0005790),-0.20755720597861632,-0.7232936626666526,0.9,0.9312540690104165,1.0,2/19,4.38%,GBA2;SYVN1
prerank,U2-type prespliceosome (GO:0071004),0.25577439869866053,0.6971012837961349,0.8552631578947368,1.0,1.0,5/15,26.00%,LUC7L2;LSM7;LUC7L3;SF3A1;PRPF39
prerank,prespliceosome (GO:0071010),0.25577439869866053,0.6971012837961349,0.8552631578947368,1.0,1.0,5/15,26.00%,LUC7L2;LSM7;LUC7L3;SF3A1;PRPF39
prerank,synaptic membrane (GO:0097060),0.22601173615802447,0.6885484405507998,0.9404761904761905,1.0,1.0,2/26,4.96%,SHISA9;HIP1R
prerank,SAGA-type complex (GO:0070461),0.21401144328980035,0.6815336531492515,0.9512195121951219,1.0,1.0,14/27,37.32%,ENY2;SGF29;SUPT7L;TAF4;TADA1;TAF7;TAF5;TADA2A;TAF6;SUPT20HL1;SUPT3H;TADA2B;TAF10;TAF2
prerank,brush border membrane (GO:0031526),0.20664568256330354,0.6771425820195824,0.9375,1.0,1.0,6/37,18.68%,SLC28A1;SLC28A2;B4GALT1;CUBN;SLC11A2;ABCG2
prerank,integral component of mitochondrial membrane (GO:0032592),0.18454197230169642,0.6713505561941872,0.9431818181818182,1.0,1.0,17/65,28.80%,BAK1;TMEM70;CCDC51;BNIP3;OXA1L;MPC1L;MCUR1;GDAP1;MFF;APOO;FIS1;SFXN3;RHOT1;SLC25A3;SFXN1;MICU1;ETFDH
prerank,U5 snRNP (GO:0005682),0.24158223072721585,0.6702343213539871,0.9605263157894737,1.0,1.0,5/17,23.82%,SNRPD2;TXNL4B;SNRNP200;SNRPD3;PRPF6
prerank,voltage-gated calcium channel complex (GO:0005891),0.21503992266666544,0.6644679530270752,0.948051948051948,1.0,1.0,6/30,15.98%,CATSPER2;CACNA1S;CACNB3;CATSPER3;CACNA1F;CACNA2D3
prerank,mitochondrial matrix (GO:0005759),0.15666681509772182,0.6643851246732551,0.98989898989899,1.0,1.0,75/334,27.00%,TYMS;ETFA;BCKDK;ACSM3;MRM1;ALDH5A1;ACAD8;THEM4;ARHGAP11B;AUH;ALDH1B1;GLS2;DBT;MTHFS;SIRT5;AADAT;ALAS1;IDH3A;PPTC7;ACSM1;ALDH1L2;UQCC2;DLST;ADHFE1;TST;SOD2;PYROXD2;OXA1L;PDE12;ISCA2;OXCT1;CA5A;MLYCD;HADH;MMAB;TRMT10C;NADK2;NUDT9;ACAA2;GLDC;PDPR;SIRT3;IVD;ACSS1;LYRM7;DNAJA3;MCCC2;TRAP1;ERAL1;FDX1;FXN;HSPA9;RNASEL;AKR1B15;FARS2;ACSM5;LRRK2;MTHFD1L;ACP6;ECI1;THEM5;MECR;ISCU;NDUFS2;ACADL;MRPL11;TWNK;OXCT2;DMGDH;AK3;NUDT2;NDUFS7;ARL2;SUCLA2;C1QBP
prerank,spindle microtubule (GO:0005876),0.17965306730644848,0.6623091332261201,0.9545454545454546,1.0,1.0,5/60,5.18%,RAB11A;RMDN3;CLTC;NUMA1;CLASP2
prerank,autophagosome membrane (GO:0000421),0.21461802200082467,0.6499144827956449,0.926829268292683,1.0,1.0,5/22,19.72%,GABARAPL1;TECPR1;MAP1LC3A;WDR81;TEX264
prerank,spanning component of membrane (GO:0089717),-0.16599495271913847,-0.6454683250792709,1.0,0.96640625,1.0,9/20,24.45%,SLC4A4;CDHR5;TRPM4;NLGN4Y;NLGN2;SLC12A2;SLC24A4;SLC24A3;BMPR2
prerank,ionotropic glutamate receptor complex (GO:0008328),0.19956503170412365,0.63900673021274,0.963855421686747,1.0,1.0,5/32,14.45%,SHISA9;GRIA4;GRID2;OLFM2;GRIN3A
prerank,high-density lipoprotein particle (GO:0034364),0.21981670397574882,0.6387964892299584,0.961038961038961,1.0,1.0,8/19,34.83%,CETP;APOA1;PON1;APOH;CLU;APOA2;LCAT;PLTP
prerank,condensed chromosome (GO:0000793),0.18205569583357353,0.6308283779550607,0.9204545454545454,1.0,1.0,11/52,27.50%,SMC1A;NSMCE3;L3MBTL1;RAD51;SMC5;NSMCE2;SMC6;SMARCA5;SYCP2L;CTCF;CENPA
prerank,integral component of postsynaptic specialization membrane (GO:0099060),0.23106952362160876,0.6293879093872659,0.9518072289156626,1.0,1.0,4/15,24.73%,CDH2;LRFN2;GSG1L;SLITRK3
prerank,intrinsic component of mitochondrial inner membrane (GO:0031304),0.18941451063933112,0.622645306339452,0.9259259259259259,1.0,1.0,11/38,30.83%,CCDC51;PPOX;OXA1L;MPC1L;MCUR1;APOO;SFXN3;SLC25A3;SFXN1;ETFDH;SFXN5
prerank,cortical cytoskeleton (GO:0030863),0.1807509080842506,0.619715116031687,0.9882352941176471,1.0,1.0,21/58,35.60%,TRPV4;BSN;CDH2;SHROOM1;CLDN5;CORO1A;CDH1;LLGL2;MAPRE1;GYPC;RIMS2;ERC2;MYZAP;MYRIP;GSN;RDX;ERC1;DCDC2;DCDC2B;EPB41;COTL1
prerank,MHC protein complex (GO:0042611),0.21017222246119238,0.6128988776808902,0.8904109589041096,1.0,1.0,6/19,29.06%,HLA-F;HLA-DRB5;HLA-DOA;HFE;HLA-DQB1;HLA-C
prerank,muscle myosin complex (GO:0005859),0.21769842344443102,0.6122581035834609,0.9305555555555556,1.0,1.0,3/15,21.06%,MYLPF;MYH6;MYL1
prerank,cation channel complex (GO:0034703),0.16418226395294894,0.5916257080286483,0.9891304347826086,1.0,1.0,34/73,44.75%,SHISA9;TRPC5;GRIA4;AKAP6;SCNN1G;OLFM2;GRIN3A;SCNN1B;HTR3B;SCNN1A;GRIN1;RYR3;ORAI1;CALM1;MICU1;GRIN2A;KCNA5;PKD1L1;PTK2B;SCN2A;PDE4D;CACNG7;CACNG3;PKD2L1;CASQ2;GRIA1;CNIH2;GRIN2D;RYR2;MICU2;UNC80;TRPC6;MCUB;CACNG4
prerank,cytoplasmic stress granule (GO:0010494),0.15338186223983993,0.5671004929666873,1.0,1.0,1.0,21/63,33.58%,HNRNPK;YTHDF2;OGFOD1;RC3H1;DDX1;CIRBP;DDX6;RNF135;TRIM25;YBX1;NUFIP2;ROCK1;ATXN2;YTHDF3;ELAVL1;HABP4;VCP;RC3H2;PABPC1;LIN28A;CTSG
prerank,calcium channel complex (GO:0034704),0.1695419624667719,0.5522356093840698,0.9886363636363636,1.0,1.0,24/45,44.81%,TRPC5;CACNA1S;AKAP6;CACNB3;CACNA1F;CACNA2D3;RYR3;CACNB1;ORAI1;CACNA1G;CALM1;MICU1;CACNA2D4;PKD1L1;PDE4D;CACNG7;CACNG3;PKD2L1;CASQ2;RYR2;MICU2;CACNA1D;MCUB;MICU3
prerank,mitochondrial respiratory chain complex I (GO:0005747),0.14863846854551382,0.510216725611621,0.9770114942528736,1.0,1.0,15/42,41.13%,NDUFS4;NDUFC2;NDUFV3;NDUFA2;NDUFS2;NDUFS7;NDUFA7;FOXRED1;NDUFB7;NDUFB9;NDUFAB1;NDUFB10;NDUFS6;NDUFB1;NDUFB8
prerank,respiratory chain complex I (GO:0045271),0.14863846854551382,0.510216725611621,0.9770114942528736,1.0,1.0,15/42,41.13%,NDUFS4;NDUFC2;NDUFV3;NDUFA2;NDUFS2;NDUFS7;NDUFA7;FOXRED1;NDUFB7;NDUFB9;NDUFAB1;NDUFB10;NDUFS6;NDUFB1;NDUFB8
prerank,mitochondrial inner membrane (GO:0005743),0.12094709277693388,0.5072519870609719,1.0,0.9988538662334344,1.0,72/312,30.65%,UQCRC2;UQCRFS1;PRODH;NDUFS4;DHODH;COQ8A;MPV17L2;TYMS;MRS2;MPV17;ABCB7;SLC25A14;TAMM41;HSD3B1;NDUFC2;MYOC;UQCC2;NDUFV3;CYP24A1;MRPS30;PPOX;COX5A;ENDOG;SDHC;MRPL46;MRPS24;SLC25A20;MRPL10;COX7A2L;CKMT2;CHCHD6;MRPL54;ACAD9;TRAP1;DNAJC30;MRPL15;EFHD1;LRRK2;MRPL27;LDHB;COX20;MRPL36;COX5B;BOK;CYP1A1;NDUFA2;HSD3B2;COX8A;MRPL11;TIMM13;UCP1;TIMM10;TMEM14B;PLA2G4B;MRPS16;SLC25A12;SLC9B2;CLU;SLC25A3;MRPL2;OPA1;PGS1;MICU1;SQOR;SLC25A21;NDUFA7;MRPS35;AURKAIP1;FOXRED1;NDUFAF2;SDHA;SLC25A13
prerank,vesicle membrane (GO:0012506),0.12681074992827135,0.47642201744693685,1.0,0.9974955277280859,1.0,30/70,45.29%,RAB11A;C2CD5;SLC28A2;TOR1A;AP1M1;ABCA3;IYD;NOS3;TRPM2;RYR3;AHNAK2;AP1S3;NOS1;SLC4A11;RIPOR1;KIF1B;NSG2;ITPR1;APPBP2;SLC26A6;TMEM67;CLCN3;DYSF;AP1S2;RYR2;NOS2;AP1G1;SNX9;APPL1;RAB10
